-- phpMyAdmin SQL Dump
-- version 4.9.7
-- https://www.phpmyadmin.net/
--
-- Host: localhost
-- 생성 시간: 23-04-12 15:14
-- 서버 버전: 10.3.32-MariaDB
-- PHP 버전: 7.4.30

SET SQL_MODE = "NO_AUTO_VALUE_ON_ZERO";
SET AUTOCOMMIT = 0;
START TRANSACTION;
SET time_zone = "+00:00";


/*!40101 SET @OLD_CHARACTER_SET_CLIENT=@@CHARACTER_SET_CLIENT */;
/*!40101 SET @OLD_CHARACTER_SET_RESULTS=@@CHARACTER_SET_RESULTS */;
/*!40101 SET @OLD_COLLATION_CONNECTION=@@COLLATION_CONNECTION */;
/*!40101 SET NAMES utf8mb4 */;

--
-- 데이터베이스: `only_fresh`
--
CREATE DATABASE IF NOT EXISTS `only_fresh` DEFAULT CHARACTER SET utf8 COLLATE utf8_general_ci;
USE `only_fresh`;

-- --------------------------------------------------------

--
-- 테이블 구조 `ADDRESS_TB`
--

CREATE TABLE `ADDRESS_TB` (
  `addr_id` int(11) NOT NULL COMMENT 'AUTO_INCREMENT',
  `user_id` int(11) NOT NULL COMMENT 'AUTO_INCREMENT',
  `addr` varchar(30) DEFAULT NULL,
  `ba_addr` tinyint(1) NOT NULL DEFAULT 0 COMMENT '선택 배송지 1: true, 0: false\r\n',
  `chk_addr` tinyint(1) DEFAULT 0 COMMENT '1: 기본배송지  0: 일반 배송지',
  `deli_type` tinyint(1) NOT NULL DEFAULT 0 COMMENT '1:샛별배송, 0:낮배송',
  `city_code` varchar(30) NOT NULL DEFAULT '1',
  `main_addr` varchar(50) NOT NULL,
  `sub_addr` varchar(50) DEFAULT '',
  `addr_name` varchar(20) DEFAULT '',
  `addr_tel` varchar(20) DEFAULT '',
  `in_user` varchar(30) NOT NULL DEFAULT 'in_user',
  `in_date` datetime NOT NULL DEFAULT current_timestamp(),
  `up_user` varchar(30) NOT NULL DEFAULT 'up_user',
  `up_date` datetime NOT NULL DEFAULT current_timestamp()
) ENGINE=InnoDB DEFAULT CHARSET=utf8;

--
-- 테이블의 덤프 데이터 `ADDRESS_TB`
--

INSERT INTO `ADDRESS_TB` (`addr_id`, `user_id`, `addr`, `ba_addr`, `chk_addr`, `deli_type`, `city_code`, `main_addr`, `sub_addr`, `addr_name`, `addr_tel`, `in_user`, `in_date`, `up_user`, `up_date`) VALUES
(1, 1, '기본배송지', 0, 1, 0, '1', '인천광역시 남동구 앵고개로 847', '논현시티 809호', '홍길동', '001030036024', 'kkb', '2022-08-19 01:08:10', 'kkb', '2022-08-19 01:08:10'),
(2, 1, '기본배송지', 0, 1, 0, '1', '인천광역시 남동구 앵고개로 847', '논현시티 809호', '홍길동', '001030036024', 'kkb', '2022-08-19 01:08:13', 'kkb', '2022-08-19 01:08:13'),
(3, 1, '기본배송지', 0, 1, 0, '1', '인천광역시 남동구 앵고개로 847', '논현시티 809호', '홍길동', '001030036024', 'kkb', '2022-08-19 01:08:15', 'kkb', '2022-08-19 01:08:15'),
(4, 1, '기본배송지', 0, 1, 0, '1', '인천광역시 남동구 앵고개로 847', '논현시티 809호', '홍길동', '001030036024', 'kkb', '2022-08-19 01:08:16', 'kkb', '2022-08-19 01:08:16'),
(5, 1, '기본배송지', 0, 1, 0, '1', '인천광역시 남동구 앵고개로 847', '논현시티 809호', '홍길동', '001030036024', 'kkb', '2022-08-19 01:08:18', 'kkb', '2022-08-19 01:08:18'),
(6, 1, '기본배송지', 0, 1, 0, '1', '인천광역시 남동구 앵고개로 847', '논현시티 809호', '홍길동', '001030036024', 'kkb', '2022-08-19 01:08:20', 'kkb', '2022-08-19 01:08:20'),
(7, 1, '기본배송지', 0, 1, 0, '1', '인천광역시 남동구 앵고개로 847', '논현동', 'kkb', '01011112222', 'kkb', '2022-08-19 01:08:21', 'kkb', '2022-08-19 01:08:21'),
(8, 1, '기본배송지', 0, 1, 0, '1', '인천광역시 남동구 앵고개로 847', '논현시티 809호', '홍길동', '001030036024', 'kkb', '2022-08-19 01:08:23', 'kkb', '2022-08-19 01:08:23'),
(9, 1, '기본배송지', 0, 1, 0, '1', '인천광역시 남동구 앵고개로 847', '논현시티 809호', '홍길동', '001030036024', 'kkb', '2022-08-19 01:08:24', 'kkb', '2022-08-19 01:08:24'),
(10, 1, '기본배송지', 0, 1, 0, '1', '인천광역시 남동구 앵고개로 847', '논현시티 809호', '홍길동', '001030036024', 'kkb', '2022-08-19 01:08:25', 'kkb', '2022-08-19 01:08:25'),
(11, 2, '기본배송지', 0, 1, 0, '1', '인천광역시 남동구 앵고개로 847', '논현시티 809호', '홍길동', '001030036024', 'kkb', '2022-08-19 01:08:34', 'kkb', '2022-08-19 01:08:34'),
(12, 2, '기본배송지', 0, 1, 0, '1', '인천광역시 남동구 앵고개로 847', '논현시티 809호', '홍길동', '001030036024', 'kkb', '2022-08-19 01:08:36', 'kkb', '2022-08-19 01:08:36'),
(13, 2, '기본배송지', 0, 1, 0, '1', '인천광역시 남동구 앵고개로 847', '논현시티 809호', '홍길동', '001030036024', 'kkb', '2022-08-19 01:08:37', 'kkb', '2022-08-19 01:08:37'),
(14, 2, '기본배송지', 0, 1, 0, '1', '인천광역시 남동구 앵고개로 847', '논현시티 809호', '홍길동', '001030036024', 'kkb', '2022-08-19 01:08:39', 'kkb', '2022-08-19 01:08:39'),
(15, 2, '기본배송지', 0, 1, 0, '1', '인천광역시 남동구 앵고개로 847', '논현시티 809호', '홍길동', '001030036024', 'kkb', '2022-08-19 01:08:40', 'kkb', '2022-08-19 01:08:40'),
(16, 2, '기본배송지', 0, 1, 0, '1', '인천광역시 남동구 앵고개로 847', '논현시티 809호', '홍길동', '001030036024', 'kkb', '2022-08-19 01:08:41', 'kkb', '2022-08-19 01:08:41'),
(22, 34, '기본', 1, 0, 0, '1', '서울시 강남구 강남대로', '강남건물 101호', '홍길동', '01030036024', 'kkb', '2022-08-19 08:14:30', 'kkb', '2022-08-19 08:14:30'),
(24, 34, '기본', 0, 0, 1, '1', '서울시 강남구 강남대로', '강남대로 test1', '홍길동2323', '01030036024', 'kkb', '2022-08-19 08:14:32', 'kkb', '2022-08-19 08:14:32'),
(25, 34, '기본', 0, 0, 0, '1', '서울시 강남구 강남대로', '강남건물 101', '홍길동', '01030036024', 'kkb', '2022-08-19 08:14:34', 'kkb', '2022-08-19 08:14:34'),
(26, 34, '기본', 0, 0, 1, '1', '서울시 강남구 강남대로', '상세주소', '김X한', '01030036024', 'kkb', '2022-08-19 08:14:35', 'kkb', '2022-08-19 08:14:35'),
(27, 34, '기본', 0, 0, 0, '1', '서울시 강남구 강남대로', '강남건물 101호', '홍길동', '01030036024', 'kkb', '2022-08-19 08:14:36', 'kkb', '2022-08-19 08:14:36'),
(30, 34, '기본', 0, 0, 0, '1', '서울시 강남구 강남대로', '강남', '김김김', '028136024', 'kkb', '2022-08-19 08:14:42', 'kkb', '2022-08-19 08:14:42'),
(32, 34, NULL, 0, 0, 0, '1', '인천시 남동구 논현동', '논현시티 809호', '', '', 'in_user', '2022-08-21 12:24:43', 'up_user', '2022-08-21 12:24:43'),
(39, 34, '기본', 0, 0, 0, '1', '서울시 강남구 강남대로', '강남건물 101호', '홍길동2233', '01034342922', 'kkb', '2022-08-22 03:02:42', 'kkb', '2022-08-22 03:02:42'),
(46, 22, NULL, 0, NULL, 0, '1', 'test', 'test', '', '', 'in_user', '2022-08-22 07:56:36', 'up_user', '2022-08-22 07:56:36'),
(52, 34, NULL, 0, 0, 0, '1', '태양', '핵', '남궁성', '01030032121', 'in_user', '2022-08-23 13:27:34', 'up_user', '2022-08-23 13:27:34'),
(60, 34, NULL, 0, 0, 0, '1', '강원 나락', '강원댐', '', '', 'in_user', '2022-08-24 02:43:12', 'up_user', '2022-08-24 02:43:12'),
(61, 34, NULL, 0, 0, 0, '7', '패스트파이브', '지하2층', '', '', 'in_user', '2022-08-24 02:46:05', 'up_user', '2022-08-24 02:46:05'),
(65, 34, NULL, 0, 0, 1, '3', '인천시 남동구 ', '남동대로', '', '', 'in_user', '2022-08-24 07:06:22', 'up_user', '2022-08-24 07:06:22'),
(66, 34, NULL, 0, 0, 0, '9', '서울시', '서울 1번지', '', '', 'in_user', '2022-08-24 07:14:27', 'up_user', '2022-08-24 07:14:27'),
(67, 34, NULL, 0, 0, 0, '9', '서울시청', '서울시청 패캠 지하2층', '', '', 'in_user', '2022-08-24 07:15:47', 'up_user', '2022-08-24 07:15:47'),
(68, 34, NULL, 0, 0, 1, '3', '인천시 논현동', '논현', '', '', 'in_user', '2022-08-24 07:17:18', 'up_user', '2022-08-24 07:17:18'),
(69, 34, NULL, 0, 0, 1, '1', '서울시', '테스트1', '', '', 'in_user', '2022-08-24 07:28:27', 'up_user', '2022-08-24 07:28:27'),
(70, 34, NULL, 0, 0, 0, '1', '서울1212', 'ㅂㅂ', '', '', 'in_user', '2022-08-24 08:09:14', 'up_user', '2022-08-24 08:09:14'),
(71, 34, NULL, 0, 0, 0, '', '서울', '1ㅂ', '', '', 'in_user', '2022-08-24 08:11:33', 'up_user', '2022-08-24 08:11:33'),
(76, 34, NULL, 0, 0, 0, '', 'ㅈㅈㅈㅈ', '서울시', '킁', '0492318888', 'in_user', '2022-08-24 08:17:57', 'up_user', '2022-08-24 08:17:57'),
(78, 34, NULL, 0, 0, 0, '', 'ㅈㅈㅈ2', '----------', '홍길순', '01023232323', 'in_user', '2022-08-24 08:18:21', 'up_user', '2022-08-24 08:18:21'),
(81, 34, NULL, 0, 0, 1, '1', 'abcsdw', 'aaa', '', '', 'in_user', '2022-08-24 08:39:47', 'up_user', '2022-08-24 08:39:47'),
(82, 34, NULL, 0, 0, 0, '1', '서울ㅋㅋㅋ', '서울', '서울남자', '01023232323', 'in_user', '2022-08-24 08:40:55', 'up_user', '2022-08-24 08:40:55'),
(83, 34, NULL, 0, 0, 1, '1', '서울제발', '제발', '', '', 'in_user', '2022-08-24 08:45:08', 'up_user', '2022-08-24 08:45:08'),
(85, 34, NULL, 0, 0, 1, '1', '서울시 마포대교', '마포대교 위', '', '', 'in_user', '2022-08-26 01:17:39', 'up_user', '2022-08-26 01:17:39'),
(86, 34, NULL, 0, 0, 0, '1', '부산광역시 부산시장', '부산시장 뒤~쪾', '', '', 'in_user', '2022-08-26 01:18:21', 'up_user', '2022-08-26 01:18:21'),
(87, 34, NULL, 0, 0, 1, '1', '인천광역시 남동구 서창남순환로', '청광플러스원 아파트 105동 1303호', '', '', 'in_user', '2022-08-26 02:11:34', 'up_user', '2022-08-26 02:11:34'),
(88, 34, NULL, 0, 0, 1, '1', '인천시 남동구', '상세주소로', '', '', 'in_user', '2022-08-26 13:00:45', 'up_user', '2022-08-26 13:00:45'),
(89, 34, NULL, 0, 1, 1, '1', '인천시 남동구', '상세주소로', '기무라경빈', '01000002312', 'in_user', '2022-08-26 13:00:49', 'up_user', '2022-08-26 13:00:49'),
(90, 34, NULL, 0, 0, 0, '1', '부산광역시 신포로', '신포마켓 101호', '홍길철', '0328149283', 'in_user', '2022-08-27 05:59:09', 'up_user', '2022-08-27 05:59:09'),
(91, 34, NULL, 0, 0, 1, '1', '서울특별시 시청로 ', '1번길', '홍길동', '01030036024', 'in_user', '2022-08-27 06:50:33', 'up_user', '2022-08-27 06:50:33'),
(96, 64, NULL, 0, 0, 1, '1', '인천 남동구 서창남순환로 82', '청광플러스원', '김경빈', '01111111111', 'in_user', '2022-08-28 06:14:15', 'up_user', '2022-08-28 06:14:15'),
(108, 99, NULL, 0, 1, 1, '13494', '경기 성남시 분당구 판교역로 235 (삼평동)', '', '이선우', '01051159267', 'in_user', '2022-08-30 02:40:52', 'up_user', '2022-08-30 02:40:52'),
(110, 64, NULL, 0, 1, 1, '1', '서울 중구 서소문로 89-20 삼정 아트테라스 정동', 'B2층 패스트파이브', '남궁성', '01029109283', 'in_user', '2022-08-30 03:33:40', 'up_user', '2022-08-30 03:33:40'),
(112, 64, NULL, 0, 0, 0, '1', '부산광역시 해운대로', '광안리 해수욕장', '김자바', '0322127832', 'in_user', '2022-08-30 05:50:24', 'up_user', '2022-08-30 05:50:24'),
(114, 100, NULL, 0, 1, 1, '13494', '경기 성남시 분당구 판교역로 235 (삼평동)', '', '이선우', '01054541541', 'in_user', '2022-08-30 11:45:54', 'up_user', '2022-08-30 11:45:54'),
(117, 34, NULL, 0, 0, 0, '1', 'z', 'z', '1', '01030036024', 'in_user', '2022-08-30 14:00:34', 'up_user', '2022-08-30 14:00:34'),
(118, 34, NULL, 0, 0, 1, '1', '서울시', '서울시청', '강철수', '01020389123', 'in_user', '2022-08-30 14:10:00', 'up_user', '2022-08-30 14:10:00'),
(119, 34, NULL, 0, 0, 0, '1', '부산광역시', '나는 광안리로 간다', '김기철', '01022331919', 'in_user', '2022-08-30 15:46:56', 'up_user', '2022-08-30 15:46:56'),
(120, 34, NULL, 0, 0, 1, '1', '인천시 서창동 640', '청광플러스원APT 101동 101호', '김기철', '01030302929', 'in_user', '2022-08-30 15:56:16', 'up_user', '2022-08-30 15:56:16'),
(121, 34, NULL, 0, 0, 1, '1', '서울', '11', '홍길동', '01022222222', 'in_user', '2022-08-30 16:17:50', 'up_user', '2022-08-30 16:17:50'),
(123, 101, NULL, 0, 0, 1, '1', '서울 중구 서소문로 89-20', '삼정 아트테라스 정동 B2층 패스트파이브', '김자바', '024659292', 'in_user', '2022-08-31 03:15:14', 'up_user', '2022-08-31 03:15:14'),
(124, 103, NULL, 0, 1, 1, '13494', '경기 성남시 분당구 판교역로 235 (삼평동)', '', '박채훈', '01012345678', 'in_user', '2022-08-31 03:50:03', 'up_user', '2022-08-31 03:50:03'),
(125, 104, NULL, 0, 1, 1, '13494', '경기 성남시 분당구 판교역로 235 (삼평동)', '', '경빈', '01012345678', 'in_user', '2022-08-31 03:51:27', 'up_user', '2022-08-31 03:51:27'),
(126, 105, NULL, 0, 1, 1, '13494', '경기 성남시 분당구 판교역로 235 (삼평동)', '', '이선우', '01012345678', 'in_user', '2022-08-31 04:50:41', 'up_user', '2022-08-31 04:50:41'),
(127, 101, NULL, 0, 0, 1, '1', '인천시 남동구 서창남순환로 82', '청광플러스원아파트 101동 1301호', '김자바', '01024873614', 'in_user', '2022-08-31 05:02:33', 'up_user', '2022-08-31 05:02:33'),
(128, 106, NULL, 0, 1, 1, '13494', '경기 성남시 분당구 판교역로 235 (삼평동)', '', '이선우', '01012345678', 'in_user', '2022-08-31 05:19:16', 'up_user', '2022-08-31 05:19:16'),
(129, 107, NULL, 0, 0, 1, '13494', '경기 성남시 분당구 판교역로 235 (삼평동)', '', '이선우', '01012345678', 'in_user', '2022-08-31 05:20:07', 'up_user', '2022-08-31 05:20:07'),
(130, 107, NULL, 0, 1, 1, '1', '서울 패스트파이브', '서울 패스트파이브', '김', '01012345678', 'in_user', '2022-08-31 06:27:09', 'up_user', '2022-08-31 06:27:09'),
(135, 101, NULL, 0, 0, 1, '1', '인천시 남동구 간석동', '<script>(\"alert\")</script>', '운이 좋았지', '01020202020', 'in_user', '2022-08-31 11:00:01', 'up_user', '2022-08-31 11:00:01'),
(136, 101, NULL, 0, 0, 1, '1', '서울 성동구 서울숲길 17 (성수동1가, 성수파크빌)', '성수파크빌 101동 101호', '성수동', '01012345678', 'in_user', '2022-08-31 11:57:14', 'up_user', '2022-08-31 11:57:14'),
(137, 101, NULL, 0, 0, 0, '1', '울산 남구 강남로 348 (삼산동, 아데라움아파트)', '아데리움 아파트 101동 101호', '울산남자', '01012345678', 'in_user', '2022-08-31 11:58:37', 'up_user', '2022-08-31 11:58:37'),
(140, 108, NULL, 0, 1, 1, '13536', '경기 성남시 분당구 판교역로 4 (백현동)', '', '김영준', '01013433333', 'in_user', '2022-08-31 22:11:54', 'up_user', '2022-08-31 22:11:54'),
(141, 109, NULL, 0, 1, 1, '13536', '경기 성남시 분당구 판교역로 4 (백현동)', '', '마동석', '01011112222', 'in_user', '2022-09-01 01:10:43', 'up_user', '2022-09-01 01:10:43'),
(142, 110, NULL, 0, 1, 1, '21687', '인천 남동구 청능대로468번길 56 (고잔동)', '', '이정재', '01011112222', 'in_user', '2022-09-01 01:14:03', 'up_user', '2022-09-01 01:14:03'),
(143, 111, NULL, 0, 1, 1, '13536', '경기 성남시 분당구 판교역로 6 (백현동)', '', '박해일', '01022223333', 'in_user', '2022-09-01 01:14:56', 'up_user', '2022-09-01 01:14:56'),
(144, 112, NULL, 0, 1, 1, '13524', '경기 성남시 분당구 대왕판교로606번길 45 (삼평동)', '', '서창희', '01033332222', 'in_user', '2022-09-01 01:15:58', 'up_user', '2022-09-01 01:15:58'),
(145, 113, NULL, 0, 1, 1, '41116', '대구 동구 안심로41길 11-2 (신기동)', '201호', '김형민', '01091764428', 'in_user', '2022-09-01 01:29:29', 'up_user', '2022-09-01 01:29:29'),
(146, 114, NULL, 0, 0, 1, '1', '서울특별시 패스트파이브', '지하 2층', '박채훔', '01099999999', 'in_user', '2022-09-01 01:33:19', 'up_user', '2022-09-01 01:33:19'),
(147, 114, NULL, 0, 1, 1, '1', '서울 패스트파이브', '서울 패캠', '김형민', '01000098888', 'in_user', '2022-09-01 02:17:34', 'up_user', '2022-09-01 02:17:34'),
(148, 115, NULL, 0, 1, 1, '41116', '대구 동구 안심로41길 11-2 (신기동)', '2층 201호', '김형민', '01091764428', 'in_user', '2022-09-01 05:51:46', 'up_user', '2022-09-01 05:51:46'),
(153, 102, NULL, 0, 0, 0, '1', '강원 강릉시 성산면 갈매간길 23', '101동 202호', '강릉펜션', '01012345678', 'in_user', '2022-09-01 08:57:45', 'up_user', '2022-09-01 08:57:45'),
(154, 116, NULL, 0, 1, 1, '13494', '경기 성남시 분당구 판교역로 235 (삼평동)', '', '이선우', '01051159267', 'in_user', '2022-09-01 09:20:56', 'up_user', '2022-09-01 09:20:56'),
(156, 117, NULL, 0, 1, 1, '13494', '경기 성남시 분당구 판교역로 235 (삼평동)', '', '이선우', '01012345678', 'in_user', '2022-09-01 09:23:07', 'up_user', '2022-09-01 09:23:07'),
(158, 118, NULL, 0, 1, 1, '13494', '경기 성남시 분당구 판교역로 235 (삼평동)', '', '이선우', '01051159267', 'in_user', '2022-09-01 12:37:23', 'up_user', '2022-09-01 12:37:23'),
(162, 119, NULL, 0, 1, 1, '17022', '경기 용인시 처인구 포곡읍 에버랜드로376번길 1-28', '에버랜드좋아요', '정여경', '01012345678', 'in_user', '2022-09-02 01:51:36', 'up_user', '2022-09-02 01:51:36'),
(163, 120, NULL, 0, 0, 1, '21609', '인천 남동구 서창남순환로 82 (서창동, 청광플러스원아파트)', '105동 101호', '김경빈', '01030036024', 'in_user', '2022-09-02 01:55:42', 'up_user', '2022-09-02 01:55:42'),
(164, 120, NULL, 0, 1, 1, '1', '서울 중구 남대문로9길 24 (다동)', '패스트파이브 지하 2층 ', '박채훈', '01024873614', 'in_user', '2022-09-02 01:58:31', 'up_user', '2022-09-02 01:58:31'),
(166, 102, NULL, 0, 0, 1, '1', '대구 동구 안심로49길 81 (서호동)', '3006호', '김형민', '01095765528', 'in_user', '2022-09-02 03:32:40', 'up_user', '2022-09-02 03:32:40'),
(168, 121, NULL, 0, 1, 1, '04518', '서울 중구 덕수궁길 83 (정동)', '111', '김윤기', '01012345678', 'in_user', '2022-09-02 04:48:58', 'up_user', '2022-09-02 04:48:58'),
(170, 102, NULL, 0, 1, 1, '1', '서울 중구 서소문로 89-20 (정동)', '지하 2층', '박채훈', '01034343434', 'in_user', '2022-09-07 12:28:24', 'up_user', '2022-09-07 12:28:24'),
(171, 101, NULL, 0, 1, 1, '1', '대구 중구 동성로 1 (동성로3가)', '11', '고바슨커피', '01091764428', 'in_user', '2022-09-11 06:58:04', 'up_user', '2022-09-11 06:58:04');

-- --------------------------------------------------------

--
-- 테이블 구조 `ANSWER_TB`
--

CREATE TABLE `ANSWER_TB` (
  `bbs_id` int(11) NOT NULL,
  `inq_ans` text NOT NULL,
  `ans_dt` datetime NOT NULL DEFAULT current_timestamp(),
  `in_date` datetime DEFAULT current_timestamp(),
  `int_user` varchar(30) DEFAULT NULL,
  `up_date` datetime DEFAULT current_timestamp(),
  `up_user` varchar(30) DEFAULT NULL
) ENGINE=InnoDB DEFAULT CHARSET=utf8;

-- --------------------------------------------------------

--
-- 테이블 구조 `BOARD_CONTENT_TB`
--

CREATE TABLE `BOARD_CONTENT_TB` (
  `bbs_id` int(11) NOT NULL,
  `bbs_cn` varchar(5000) NOT NULL DEFAULT '',
  `in_date` datetime NOT NULL DEFAULT current_timestamp(),
  `in_user` varchar(30) NOT NULL DEFAULT '',
  `up_date` datetime NOT NULL DEFAULT current_timestamp(),
  `up_user` varchar(30) NOT NULL DEFAULT ''
) ENGINE=InnoDB DEFAULT CHARSET=utf8;

--
-- 테이블의 덤프 데이터 `BOARD_CONTENT_TB`
--

INSERT INTO `BOARD_CONTENT_TB` (`bbs_id`, `bbs_cn`, `in_date`, `in_user`, `up_date`, `up_user`) VALUES
(123, '1번째 리뷰글의 내용입니다.', '2022-09-25 23:34:32', '1', '2022-09-25 23:34:32', '1'),
(124, '2번째 리뷰글의 내용입니다.', '2022-09-25 23:34:32', '1', '2022-09-25 23:34:32', '1'),
(125, '3번째 리뷰글의 내용입니다.', '2022-09-25 23:34:32', '1', '2022-09-25 23:34:32', '1'),
(126, '4번째 리뷰글의 내용입니다.', '2022-09-25 23:34:32', '1', '2022-09-25 23:34:32', '1'),
(127, '5번째 리뷰글의 내용입니다.', '2022-09-25 23:34:33', '1', '2022-09-25 23:34:33', '1'),
(128, '6번째 리뷰글의 내용입니다.', '2022-09-25 23:34:33', '1', '2022-09-25 23:34:33', '1'),
(129, '7번째 리뷰글의 내용입니다.', '2022-09-25 23:34:33', '1', '2022-09-25 23:34:33', '1'),
(130, '8번째 리뷰글의 내용입니다.', '2022-09-25 23:34:33', '1', '2022-09-25 23:34:33', '1'),
(131, '9번째 리뷰글의 내용입니다.', '2022-09-25 23:34:33', '1', '2022-09-25 23:34:33', '1'),
(132, '10번째 리뷰글의 내용입니다.', '2022-09-25 23:34:33', '1', '2022-09-25 23:34:33', '1'),
(133, '11번째 리뷰글의 내용입니다.', '2022-09-25 23:34:33', '1', '2022-09-25 23:34:33', '1'),
(134, '12번째 리뷰글의 내용입니다.', '2022-09-25 23:34:34', '1', '2022-09-25 23:34:34', '1'),
(135, '13번째 리뷰글의 내용입니다.', '2022-09-25 23:34:34', '1', '2022-09-25 23:34:34', '1'),
(136, '14번째 리뷰글의 내용입니다.', '2022-09-25 23:34:34', '1', '2022-09-25 23:34:34', '1'),
(137, '15번째 리뷰글의 내용입니다.', '2022-09-25 23:34:34', '1', '2022-09-25 23:34:34', '1'),
(138, '16번째 리뷰글의 내용입니다.', '2022-09-25 23:34:34', '1', '2022-09-25 23:34:34', '1'),
(139, '17번째 리뷰글의 내용입니다.', '2022-09-25 23:34:34', '1', '2022-09-25 23:34:34', '1'),
(140, '18번째 리뷰글의 내용입니다.', '2022-09-25 23:34:35', '1', '2022-09-25 23:34:35', '1'),
(141, '19번째 리뷰글의 내용입니다.', '2022-09-25 23:34:35', '1', '2022-09-25 23:34:35', '1'),
(142, '20번째 리뷰글의 내용입니다.', '2022-09-25 23:34:35', '1', '2022-09-25 23:34:35', '1'),
(143, '21번째 리뷰글의 내용입니다.', '2022-09-25 23:34:35', '1', '2022-09-25 23:34:35', '1'),
(144, '22번째 리뷰글의 내용입니다.', '2022-09-25 23:34:35', '1', '2022-09-25 23:34:35', '1');

-- --------------------------------------------------------

--
-- 테이블 구조 `BOARD_TB`
--

CREATE TABLE `BOARD_TB` (
  `bbs_id` int(11) NOT NULL COMMENT 'auto increment, PK',
  `pdt_id` int(11) NOT NULL COMMENT 'AUTO_INCREMENT',
  `user_id` int(11) NOT NULL COMMENT 'AUTO_INCREMENT',
  `bbs_title` varchar(60) NOT NULL,
  `wrt_dt` datetime NOT NULL DEFAULT current_timestamp(),
  `user_nm` varchar(20) NOT NULL,
  `bbs_clsf_cd` varchar(30) NOT NULL,
  `in_date` datetime NOT NULL DEFAULT current_timestamp(),
  `in_user` varchar(30) NOT NULL,
  `up_date` datetime NOT NULL DEFAULT current_timestamp(),
  `up_user` varchar(30) NOT NULL,
  `notice` varchar(10) NOT NULL DEFAULT '0'
) ENGINE=InnoDB DEFAULT CHARSET=utf8;

--
-- 테이블의 덤프 데이터 `BOARD_TB`
--

INSERT INTO `BOARD_TB` (`bbs_id`, `pdt_id`, `user_id`, `bbs_title`, `wrt_dt`, `user_nm`, `bbs_clsf_cd`, `in_date`, `in_user`, `up_date`, `up_user`, `notice`) VALUES
(123, 120, 1, '1번째 리뷰글입니다.', '2022-09-25 23:34:32', 'youngjun', '1', '2022-09-25 23:34:32', '1', '2022-09-25 23:34:32', '1', '0'),
(124, 120, 1, '2번째 리뷰글입니다.', '2022-09-25 23:34:32', 'youngjun', '1', '2022-09-25 23:34:32', '1', '2022-09-25 23:34:32', '1', '0'),
(125, 120, 1, '3번째 리뷰글입니다.', '2022-09-25 23:34:32', 'youngjun', '1', '2022-09-25 23:34:32', '1', '2022-09-25 23:34:32', '1', '0'),
(126, 120, 1, '4번째 리뷰글입니다.', '2022-09-25 23:34:32', 'youngjun', '1', '2022-09-25 23:34:32', '1', '2022-09-25 23:34:32', '1', '0'),
(127, 120, 1, '5번째 리뷰글입니다.', '2022-09-25 23:34:32', 'youngjun', '1', '2022-09-25 23:34:32', '1', '2022-09-25 23:34:32', '1', '0'),
(128, 120, 1, '6번째 리뷰글입니다.', '2022-09-25 23:34:33', 'youngjun', '1', '2022-09-25 23:34:33', '1', '2022-09-25 23:34:33', '1', '0'),
(129, 120, 1, '7번째 리뷰글입니다.', '2022-09-25 23:34:33', 'youngjun', '1', '2022-09-25 23:34:33', '1', '2022-09-25 23:34:33', '1', '0'),
(130, 120, 1, '8번째 리뷰글입니다.', '2022-09-25 23:34:33', 'youngjun', '1', '2022-09-25 23:34:33', '1', '2022-09-25 23:34:33', '1', '0'),
(131, 120, 1, '9번째 리뷰글입니다.', '2022-09-25 23:34:33', 'youngjun', '1', '2022-09-25 23:34:33', '1', '2022-09-25 23:34:33', '1', '0'),
(132, 120, 1, '10번째 리뷰글입니다.', '2022-09-25 23:34:33', 'youngjun', '1', '2022-09-25 23:34:33', '1', '2022-09-25 23:34:33', '1', '0'),
(133, 120, 1, '11번째 리뷰글입니다.', '2022-09-25 23:34:33', 'youngjun', '1', '2022-09-25 23:34:33', '1', '2022-09-25 23:34:33', '1', '0'),
(134, 120, 1, '12번째 리뷰글입니다.', '2022-09-25 23:34:33', 'youngjun', '1', '2022-09-25 23:34:33', '1', '2022-09-25 23:34:33', '1', '0'),
(135, 120, 1, '13번째 리뷰글입니다.', '2022-09-25 23:34:34', 'youngjun', '1', '2022-09-25 23:34:34', '1', '2022-09-25 23:34:34', '1', '0'),
(136, 120, 1, '14번째 리뷰글입니다.', '2022-09-25 23:34:34', 'youngjun', '1', '2022-09-25 23:34:34', '1', '2022-09-25 23:34:34', '1', '0'),
(137, 120, 1, '15번째 리뷰글입니다.', '2022-09-25 23:34:34', 'youngjun', '1', '2022-09-25 23:34:34', '1', '2022-09-25 23:34:34', '1', '0'),
(138, 120, 1, '16번째 리뷰글입니다.', '2022-09-25 23:34:34', 'youngjun', '1', '2022-09-25 23:34:34', '1', '2022-09-25 23:34:34', '1', '0'),
(139, 120, 1, '17번째 리뷰글입니다.', '2022-09-25 23:34:34', 'youngjun', '1', '2022-09-25 23:34:34', '1', '2022-09-25 23:34:34', '1', '0'),
(140, 120, 1, '18번째 리뷰글입니다.', '2022-09-25 23:34:34', 'youngjun', '1', '2022-09-25 23:34:34', '1', '2022-09-25 23:34:34', '1', '0'),
(141, 120, 1, '19번째 리뷰글입니다.', '2022-09-25 23:34:35', 'youngjun', '1', '2022-09-25 23:34:35', '1', '2022-09-25 23:34:35', '1', '0'),
(142, 120, 1, '20번째 리뷰글입니다.', '2022-09-25 23:34:35', 'youngjun', '1', '2022-09-25 23:34:35', '1', '2022-09-25 23:34:35', '1', '0'),
(143, 120, 1, '21번째 리뷰글입니다.', '2022-09-25 23:34:35', 'youngjun', '1', '2022-09-25 23:34:35', '1', '2022-09-25 23:34:35', '1', '0'),
(144, 120, 1, '22번째 리뷰글입니다.', '2022-09-25 23:34:35', 'youngjun', '1', '2022-09-25 23:34:35', '1', '2022-09-25 23:34:35', '1', '0');

-- --------------------------------------------------------

--
-- 테이블 구조 `CART_TB`
--

CREATE TABLE `CART_TB` (
  `user_id` int(11) NOT NULL COMMENT '유저 id (AUTO_INCREMENT)',
  `pdt_id` int(11) NOT NULL COMMENT '제품 id (AUTO_INCREMENT)',
  `pdt_qty` int(11) NOT NULL DEFAULT 1,
  `in_date` datetime NOT NULL DEFAULT current_timestamp(),
  `in_user` varchar(30) NOT NULL DEFAULT 'in_user',
  `up_date` datetime NOT NULL DEFAULT current_timestamp(),
  `up_user` varchar(30) DEFAULT 'up_user'
) ENGINE=InnoDB DEFAULT CHARSET=utf8;

--
-- 테이블의 덤프 데이터 `CART_TB`
--

INSERT INTO `CART_TB` (`user_id`, `pdt_id`, `pdt_qty`, `in_date`, `in_user`, `up_date`, `up_user`) VALUES
(101, 27, 4, '2022-09-17 19:59:34', 'in_user', '2022-09-17 19:59:34', 'up_user'),
(101, 61, 2, '2022-09-17 19:59:47', 'in_user', '2022-09-17 19:59:47', 'up_user'),
(745579, 26, 1, '2022-10-02 23:48:00', 'in_user', '2022-10-02 23:48:00', 'up_user');

-- --------------------------------------------------------

--
-- 테이블 구조 `CATEGORY_CHILD_TB`
--

CREATE TABLE `CATEGORY_CHILD_TB` (
  `cd_type_id` varchar(50) NOT NULL,
  `cd_name` varchar(50) NOT NULL COMMENT 'EX)콩나물,감자,당근',
  `cd_code` varchar(30) DEFAULT NULL
) ENGINE=InnoDB DEFAULT CHARSET=utf8;

-- --------------------------------------------------------

--
-- 테이블 구조 `CATEGORY_PR_TB`
--

CREATE TABLE `CATEGORY_PR_TB` (
  `cd_type_id` varchar(50) NOT NULL,
  `cd_type_name` varchar(50) NOT NULL,
  `cd_code` varchar(30) DEFAULT NULL
) ENGINE=InnoDB DEFAULT CHARSET=utf8;

-- --------------------------------------------------------

--
-- 테이블 구조 `CATEGORY_TB`
--

CREATE TABLE `CATEGORY_TB` (
  `cat_code` varchar(30) NOT NULL COMMENT '코드테이블 -> 카테고리 코드 ',
  `pdt_id` int(11) NOT NULL COMMENT 'AUTO_INCREMENT',
  `cd_name` varchar(50) NOT NULL
) ENGINE=InnoDB DEFAULT CHARSET=utf8;

--
-- 테이블의 덤프 데이터 `CATEGORY_TB`
--

INSERT INTO `CATEGORY_TB` (`cat_code`, `pdt_id`, `cd_name`) VALUES
('0001', 25, '친환경'),
('0002', 26, '고구마·감자·당근'),
('0003', 27, '시금치·쌈채소·나물'),
('0004', 28, '브로콜리·파프리카·'),
('0005', 29, '양파·대파·마늘·배'),
('0006', 30, '오이·호박·고추'),
('0007', 31, '냉동·이색·간편채소'),
('0008', 32, '콩나물·버섯'),
('0009', 33, '친환경'),
('0010', 34, '제철과일'),
('0011', 35, '국산과일'),
('0012', 36, '수입과일'),
('0013', 37, '간편과일'),
('0014', 38, '냉동·건과일'),
('0015', 39, '견과류'),
('0016', 40, '쌀·잡곡'),
('0017', 41, '제철수산'),
('0018', 42, '생선류'),
('0019', 43, '굴비·반건류'),
('0020', 44, '오징어·낙지·문어'),
('0021', 45, '새우·게·랍스터'),
('0022', 46, '해산물·조개류'),
('0023', 47, '수산가공품'),
('0024', 48, '김·미역·해조류'),
('0025', 49, '건어물·다시팩'),
('0026', 50, '국내산 소고기'),
('0027', 51, '수입산 소고기'),
('0028', 52, '돼지고기'),
('0029', 53, '계란류'),
('0030', 54, '닭·오리고기'),
('0031', 55, '양념육·돈까스'),
('0032', 56, '양고기'),
('0033', 57, '국·탕·찌개'),
('0034', 58, '밀키트·메인요리'),
('0035', 59, '밑반찬'),
('0036', 60, '김치·젓갈·장류'),
('0037', 61, '두부·어묵·부침개'),
('0038', 62, '베이컨·햄·통조림'),
('0039', 63, '샐러드·닭가슴살'),
('0040', 64, '도시락·밥류'),
('0041', 65, '파스타·면류'),
('0042', 66, '떡볶이·튀김·순대'),
('0043', 67, '피자·핫도그·만두'),
('0044', 68, '폭립·떡갈비·안주'),
('0045', 69, '죽·스프·카레'),
('0046', 70, '선식·시리얼'),
('0047', 71, '파스타·면류'),
('0048', 72, '식초·소스·드레싱'),
('0049', 73, '양념·액젓·장류'),
('0050', 74, '식용유·참기름·오일'),
('0051', 75, '소금·설탕·향신료'),
('0052', 76, '밀가루·가루·믹스'),
('0053', 77, '생수·탄산수'),
('0054', 78, '음료·주스'),
('0055', 79, '우유·두유·요거트'),
('0056', 80, '커피'),
('0057', 81, '차'),
('0058', 82, '과자·스낵·쿠키'),
('0059', 83, '초콜릿·젤리·캔디'),
('0060', 84, '떡·한과'),
('0061', 85, '아이스크림'),
('0062', 86, '식빵·빵류'),
('0063', 87, '잼·버터·스프레드'),
('0064', 88, '케이크·파이·디저트'),
('0065', 89, '치즈 '),
('0066', 90, '델리 '),
('0067', 91, '친환경'),
('0068', 92, '고구마·감자·당근'),
('0069', 93, '시금치·쌈채소·나물'),
('0070', 94, '브로콜리·파프리카·'),
('0071', 95, '양파·대파·마늘·배'),
('0072', 96, '오이·호박·고추'),
('0073', 97, '냉동·이색·간편채소'),
('0074', 98, '콩나물·버섯'),
('0075', 99, '친환경'),
('0076', 100, '제철과일'),
('0077', 101, '국산과일'),
('0078', 102, '수입과일'),
('0079', 103, '간편과일'),
('0080', 104, '냉동·건과일'),
('0081', 105, '견과류'),
('0082', 106, '쌀·잡곡'),
('0083', 107, '제철수산'),
('0084', 108, '생선류'),
('0085', 109, '굴비·반건류'),
('0086', 110, '오징어·낙지·문어'),
('0087', 111, '새우·게·랍스터'),
('0088', 112, '해산물·조개류'),
('0089', 113, '수산가공품'),
('0090', 114, '김·미역·해조류'),
('0091', 115, '건어물·다시팩'),
('0092', 116, '국내산 소고기'),
('0093', 117, '수입산 소고기'),
('0094', 118, '돼지고기'),
('0095', 119, '계란류'),
('0096', 120, '닭·오리고기'),
('0097', 121, '양념육·돈까스'),
('0098', 122, '양고기'),
('0099', 123, '국·탕·찌개'),
('0100', 124, '밀키트·메인요리'),
('0101', 125, '베이컨·햄·통조림'),
('0102', 126, '베이컨·햄·통조림'),
('0103', 127, '베이컨·햄·통조림'),
('0104', 128, '베이컨·햄·통조림'),
('0105', 129, '베이컨·햄·통조림'),
('0106', 130, '베이컨·햄·통조림'),
('0107', 131, '베이컨·햄·통조림'),
('0108', 132, '베이컨·햄·통조림'),
('0109', 133, '베이컨·햄·통조림'),
('0110', 134, '베이컨·햄·통조림'),
('0111', 135, '베이컨·햄·통조림'),
('0112', 136, '베이컨·햄·통조림'),
('0113', 137, '베이컨·햄·통조림'),
('0114', 138, '베이컨·햄·통조림'),
('0115', 139, '베이컨·햄·통조림'),
('0116', 140, '베이컨·햄·통조림'),
('0117', 141, '베이컨·햄·통조림'),
('0118', 142, '베이컨·햄·통조림'),
('0119', 143, '베이컨·햄·통조림'),
('0120', 144, '베이컨·햄·통조림'),
('0121', 145, '베이컨·햄·통조림'),
('0122', 146, '베이컨·햄·통조림'),
('0123', 147, '베이컨·햄·통조림'),
('0124', 148, '베이컨·햄·통조림'),
('0125', 149, '베이컨·햄·통조림'),
('0126', 150, '베이컨·햄·통조림'),
('0127', 151, '베이컨·햄·통조림'),
('0128', 152, '베이컨·햄·통조림'),
('0129', 153, '베이컨·햄·통조림'),
('0130', 154, '베이컨·햄·통조림'),
('0131', 155, '베이컨·햄·통조림'),
('0132', 156, '베이컨·햄·통조림'),
('0133', 157, '베이컨·햄·통조림'),
('0134', 158, '베이컨·햄·통조림'),
('0135', 159, '베이컨·햄·통조림'),
('0136', 160, '베이컨·햄·통조림'),
('0137', 161, '베이컨·햄·통조림'),
('0138', 162, '베이컨·햄·통조림'),
('0139', 163, '베이컨·햄·통조림'),
('0140', 164, '베이컨·햄·통조림'),
('0141', 165, '베이컨·햄·통조림'),
('0142', 166, '베이컨·햄·통조림'),
('0143', 167, '베이컨·햄·통조림'),
('0144', 168, '베이컨·햄·통조림'),
('0145', 169, '베이컨·햄·통조림'),
('0146', 170, '베이컨·햄·통조림'),
('0147', 171, '베이컨·햄·통조림'),
('0148', 172, '베이컨·햄·통조림'),
('0149', 173, '베이컨·햄·통조림'),
('0150', 174, '베이컨·햄·통조림'),
('0151', 175, '베이컨·햄·통조림'),
('0152', 176, '베이컨·햄·통조림'),
('0153', 177, '베이컨·햄·통조림'),
('0154', 178, '베이컨·햄·통조림'),
('0155', 179, '베이컨·햄·통조림'),
('0156', 180, '베이컨·햄·통조림'),
('0157', 181, '베이컨·햄·통조림'),
('0158', 182, '베이컨·햄·통조림'),
('0159', 183, '베이컨·햄·통조림'),
('0160', 184, '베이컨·햄·통조림'),
('0161', 185, '베이컨·햄·통조림'),
('0162', 186, '베이컨·햄·통조림'),
('0163', 187, '베이컨·햄·통조림'),
('0164', 188, '베이컨·햄·통조림'),
('0165', 189, '베이컨·햄·통조림'),
('0166', 190, '베이컨·햄·통조림'),
('0167', 191, '베이컨·햄·통조림'),
('0168', 192, '베이컨·햄·통조림'),
('0169', 193, '베이컨·햄·통조림'),
('0170', 194, '베이컨·햄·통조림'),
('0171', 195, '베이컨·햄·통조림'),
('0172', 196, '베이컨·햄·통조림'),
('0173', 197, '베이컨·햄·통조림'),
('0174', 198, '베이컨·햄·통조림'),
('0175', 199, '베이컨·햄·통조림'),
('0176', 200, '베이컨·햄·통조림'),
('0177', 201, '베이컨·햄·통조림'),
('0178', 202, '베이컨·햄·통조림'),
('0179', 203, '베이컨·햄·통조림'),
('0180', 204, '베이컨·햄·통조림'),
('0181', 205, '베이컨·햄·통조림'),
('0182', 206, '베이컨·햄·통조림'),
('0183', 207, '베이컨·햄·통조림'),
('0184', 208, '베이컨·햄·통조림'),
('0185', 209, '베이컨·햄·통조림'),
('0186', 210, '베이컨·햄·통조림'),
('0187', 211, '베이컨·햄·통조림'),
('0188', 212, '베이컨·햄·통조림'),
('0189', 213, '베이컨·햄·통조림'),
('0190', 214, '베이컨·햄·통조림'),
('0191', 215, '베이컨·햄·통조림'),
('0192', 216, '베이컨·햄·통조림'),
('0193', 217, '베이컨·햄·통조림'),
('0194', 218, '베이컨·햄·통조림'),
('0195', 219, '베이컨·햄·통조림'),
('0196', 220, '베이컨·햄·통조림'),
('0197', 221, '베이컨·햄·통조림'),
('0198', 222, '베이컨·햄·통조림'),
('0199', 223, '베이컨·햄·통조림'),
('0200', 224, '베이컨·햄·통조림'),
('0201', 225, '베이컨·햄·통조림'),
('0202', 226, '베이컨·햄·통조림'),
('0203', 227, '베이컨·햄·통조림'),
('0204', 228, '베이컨·햄·통조림'),
('0205', 229, '베이컨·햄·통조림'),
('0206', 230, '베이컨·햄·통조림'),
('0207', 231, '베이컨·햄·통조림'),
('0208', 232, '베이컨·햄·통조림'),
('0209', 233, '베이컨·햄·통조림'),
('0210', 234, '베이컨·햄·통조림'),
('0211', 235, '베이컨·햄·통조림'),
('0212', 236, '베이컨·햄·통조림'),
('0213', 237, '베이컨·햄·통조림'),
('0214', 238, '베이컨·햄·통조림'),
('0215', 239, '베이컨·햄·통조림'),
('0216', 240, '베이컨·햄·통조림'),
('0217', 241, '베이컨·햄·통조림'),
('0218', 242, '베이컨·햄·통조림'),
('0219', 243, '베이컨·햄·통조림'),
('0220', 244, '베이컨·햄·통조림'),
('0221', 245, '베이컨·햄·통조림'),
('0222', 246, '베이컨·햄·통조림'),
('0223', 247, '베이컨·햄·통조림'),
('0224', 248, '베이컨·햄·통조림'),
('0225', 249, '베이컨·햄·통조림'),
('0226', 250, '베이컨·햄·통조림'),
('0227', 251, '베이컨·햄·통조림'),
('0228', 252, '베이컨·햄·통조림'),
('0229', 253, '베이컨·햄·통조림'),
('0230', 254, '베이컨·햄·통조림'),
('0231', 255, '베이컨·햄·통조림'),
('0232', 256, '베이컨·햄·통조림'),
('0233', 257, '베이컨·햄·통조림'),
('0234', 258, '베이컨·햄·통조림'),
('0235', 259, '베이컨·햄·통조림'),
('0236', 260, '베이컨·햄·통조림'),
('0237', 261, '베이컨·햄·통조림'),
('0238', 262, '베이컨·햄·통조림'),
('0239', 263, '베이컨·햄·통조림'),
('0240', 264, '베이컨·햄·통조림'),
('0241', 265, '베이컨·햄·통조림'),
('0242', 266, '베이컨·햄·통조림'),
('0243', 267, '베이컨·햄·통조림'),
('0244', 268, '베이컨·햄·통조림'),
('0245', 269, '베이컨·햄·통조림'),
('0246', 270, '베이컨·햄·통조림'),
('0247', 271, '베이컨·햄·통조림'),
('0248', 272, '베이컨·햄·통조림'),
('0249', 273, '베이컨·햄·통조림'),
('0250', 274, '베이컨·햄·통조림'),
('0251', 275, '베이컨·햄·통조림'),
('0252', 276, '베이컨·햄·통조림'),
('0253', 277, '베이컨·햄·통조림'),
('0254', 278, '베이컨·햄·통조림'),
('0255', 279, '베이컨·햄·통조림'),
('0256', 280, '베이컨·햄·통조림'),
('0257', 281, '베이컨·햄·통조림');

-- --------------------------------------------------------

--
-- 테이블 구조 `CITY_CODE_TB`
--

CREATE TABLE `CITY_CODE_TB` (
  `ct_code` int(11) NOT NULL,
  `cd_type_id` varchar(20) NOT NULL,
  `cd_type_name` varchar(20) NOT NULL,
  `city_code` varchar(20) NOT NULL,
  `cd_name` varchar(20) NOT NULL,
  `in_user` varchar(30) NOT NULL DEFAULT 'in_user',
  `in_date` datetime NOT NULL DEFAULT current_timestamp(),
  `up_user` varchar(30) NOT NULL DEFAULT 'up_user',
  `up_date` datetime NOT NULL DEFAULT current_timestamp()
) ENGINE=InnoDB DEFAULT CHARSET=utf8;

-- --------------------------------------------------------

--
-- 테이블 구조 `COMMON_CODE_TB`
--

CREATE TABLE `COMMON_CODE_TB` (
  `cat_code` varchar(10) NOT NULL,
  `cd_type_id` varchar(30) NOT NULL,
  `cd_name` varchar(30) NOT NULL COMMENT 'EX)콩나물·버섯',
  `cd_name_num` int(11) NOT NULL,
  `brief_desc` varchar(50) DEFAULT '정말로 맛있습니다',
  `long_desc` varchar(150) DEFAULT '아주 맛이 베리굿굿',
  `order` int(11) NOT NULL,
  `is_use` tinyint(1) NOT NULL DEFAULT 0,
  `in_date` datetime NOT NULL DEFAULT current_timestamp(),
  `in_user` varchar(30) NOT NULL DEFAULT 'khm',
  `up_date` datetime NOT NULL DEFAULT current_timestamp(),
  `up_user` varchar(30) NOT NULL DEFAULT 'lsw'
) ENGINE=InnoDB DEFAULT CHARSET=utf8;

--
-- 테이블의 덤프 데이터 `COMMON_CODE_TB`
--

INSERT INTO `COMMON_CODE_TB` (`cat_code`, `cd_type_id`, `cd_name`, `cd_name_num`, `brief_desc`, `long_desc`, `order`, `is_use`, `in_date`, `in_user`, `up_date`, `up_user`) VALUES
('0001', 'P001', '친환경', 1, '정말로 맛있습니다', '아주 맛이 베리굿굿', 1, 0, '2022-08-21 13:13:14', 'khm', '2022-08-21 13:13:14', 'lsw'),
('0002', 'P001', '친환경', 1, '정말로 맛있습니다', '아주 맛이 베리굿굿', 2, 0, '2022-08-21 13:13:14', 'khm', '2022-08-21 13:13:14', 'lsw'),
('0003', 'P001', '친환경', 1, '정말로 맛있습니다', '아주 맛이 베리굿굿', 3, 0, '2022-08-21 13:13:14', 'khm', '2022-08-21 13:13:14', 'lsw'),
('0004', 'P001', '친환경', 1, '정말로 맛있습니다', '아주 맛이 베리굿굿', 4, 0, '2022-08-21 13:13:14', 'khm', '2022-08-21 13:13:14', 'lsw'),
('0005', 'P001', '친환경', 1, '정말로 맛있습니다', '아주 맛이 베리굿굿', 5, 0, '2022-08-21 13:13:14', 'khm', '2022-08-21 13:13:14', 'lsw'),
('0006', 'P001', '친환경', 1, '정말로 맛있습니다', '아주 맛이 베리굿굿', 6, 0, '2022-08-21 13:13:14', 'khm', '2022-08-21 13:13:14', 'lsw'),
('0007', 'P001', '친환경', 1, '정말로 맛있습니다', '아주 맛이 베리굿굿', 7, 0, '2022-08-21 13:13:14', 'khm', '2022-08-21 13:13:14', 'lsw'),
('0008', 'P001', '친환경', 1, '정말로 맛있습니다', '아주 맛이 베리굿굿', 8, 0, '2022-08-21 13:13:14', 'khm', '2022-08-21 13:13:14', 'lsw'),
('0009', 'P001', '친환경', 1, '정말로 맛있습니다', '아주 맛이 베리굿굿', 9, 0, '2022-08-21 13:13:14', 'khm', '2022-08-21 13:13:14', 'lsw'),
('0010', 'P001', '친환경', 1, '정말로 맛있습니다', '아주 맛이 베리굿굿', 10, 0, '2022-08-21 13:13:15', 'khm', '2022-08-21 13:13:15', 'lsw'),
('0011', 'P001', '친환경', 1, '정말로 맛있습니다', '아주 맛이 베리굿굿', 11, 0, '2022-08-21 13:13:15', 'khm', '2022-08-21 13:13:15', 'lsw'),
('0012', 'P001', '친환경', 1, '정말로 맛있습니다', '아주 맛이 베리굿굿', 12, 0, '2022-08-21 13:13:15', 'khm', '2022-08-21 13:13:15', 'lsw'),
('0013', 'P001', '친환경', 1, '정말로 맛있습니다', '아주 맛이 베리굿굿', 13, 0, '2022-08-21 13:13:15', 'khm', '2022-08-21 13:13:15', 'lsw'),
('0014', 'P001', '친환경', 1, '정말로 맛있습니다', '아주 맛이 베리굿굿', 14, 0, '2022-08-21 13:13:15', 'khm', '2022-08-21 13:13:15', 'lsw'),
('0015', 'P001', '친환경', 1, '정말로 맛있습니다', '아주 맛이 베리굿굿', 15, 0, '2022-08-21 13:13:15', 'khm', '2022-08-21 13:13:15', 'lsw'),
('0016', 'P001', '친환경', 1, '정말로 맛있습니다', '아주 맛이 베리굿굿', 16, 0, '2022-08-21 13:13:15', 'khm', '2022-08-21 13:13:15', 'lsw'),
('0017', 'P001', '친환경', 1, '정말로 맛있습니다', '아주 맛이 베리굿굿', 17, 0, '2022-08-21 13:13:15', 'khm', '2022-08-21 13:13:15', 'lsw'),
('0018', 'P001', '친환경', 1, '정말로 맛있습니다', '아주 맛이 베리굿굿', 18, 0, '2022-08-21 13:13:15', 'khm', '2022-08-21 13:13:15', 'lsw'),
('0019', 'P001', '친환경', 1, '정말로 맛있습니다', '아주 맛이 베리굿굿', 19, 0, '2022-08-21 13:13:15', 'khm', '2022-08-21 13:13:15', 'lsw'),
('0020', 'P001', '친환경', 1, '정말로 맛있습니다', '아주 맛이 베리굿굿', 20, 0, '2022-08-21 13:13:15', 'khm', '2022-08-21 13:13:15', 'lsw'),
('0021', 'P001', '친환경', 1, '정말로 맛있습니다', '아주 맛이 베리굿굿', 21, 0, '2022-08-21 13:13:15', 'khm', '2022-08-21 13:13:15', 'lsw'),
('0022', 'P001', '친환경', 1, '정말로 맛있습니다', '아주 맛이 베리굿굿', 22, 0, '2022-08-21 13:13:15', 'khm', '2022-08-21 13:13:15', 'lsw'),
('0023', 'P001', '친환경', 1, '정말로 맛있습니다', '아주 맛이 베리굿굿', 23, 0, '2022-08-21 13:13:15', 'khm', '2022-08-21 13:13:15', 'lsw'),
('0024', 'P001', '친환경', 1, '정말로 맛있습니다', '아주 맛이 베리굿굿', 24, 0, '2022-08-21 13:13:15', 'khm', '2022-08-21 13:13:15', 'lsw'),
('0025', 'P001', '친환경', 1, '정말로 맛있습니다', '아주 맛이 베리굿굿', 25, 0, '2022-08-21 13:13:15', 'khm', '2022-08-21 13:13:15', 'lsw'),
('0026', 'P001', '친환경', 1, '정말로 맛있습니다', '아주 맛이 베리굿굿', 26, 0, '2022-08-21 13:13:15', 'khm', '2022-08-21 13:13:15', 'lsw'),
('0027', 'P001', '친환경', 1, '정말로 맛있습니다', '아주 맛이 베리굿굿', 27, 0, '2022-08-21 13:13:15', 'khm', '2022-08-21 13:13:15', 'lsw'),
('0028', 'P001', '친환경', 1, '정말로 맛있습니다', '아주 맛이 베리굿굿', 28, 0, '2022-08-21 13:13:15', 'khm', '2022-08-21 13:13:15', 'lsw'),
('0029', 'P001', '친환경', 1, '정말로 맛있습니다', '아주 맛이 베리굿굿', 29, 0, '2022-08-21 13:13:15', 'khm', '2022-08-21 13:13:15', 'lsw'),
('0030', 'P001', '친환경', 1, '정말로 맛있습니다', '아주 맛이 베리굿굿', 30, 0, '2022-08-21 13:13:15', 'khm', '2022-08-21 13:13:15', 'lds'),
('0031', 'P001', '브로콜리·파프리카·양배추', 2, '정말로 맛있습니다', '아주 맛이 베리굿굿', 31, 0, '2022-08-21 13:13:15', 'khm', '2022-08-21 13:13:15', 'lds'),
('0032', 'P001', '양파·대파·마늘·배', 3, '정말로 맛있습니다', '아주 맛이 베리굿굿', 32, 0, '2022-08-21 13:13:15', 'khm', '2022-08-21 13:13:15', 'lds'),
('0033', 'P001', '오이·호박·고추', 4, '정말로 맛있습니다', '아주 맛이 베리굿굿', 33, 0, '2022-08-21 13:13:15', 'khm', '2022-08-21 13:13:15', 'lds'),
('0034', 'P001', '냉동·이색·간편채소', 5, '정말로 맛있습니다', '아주 맛이 베리굿굿', 34, 0, '2022-08-21 13:13:15', 'khm', '2022-08-21 13:13:15', 'lds'),
('0035', 'P001', '콩나물·버섯', 6, '정말로 맛있습니다', '아주 맛이 베리굿굿', 35, 0, '2022-08-21 13:13:15', 'khm', '2022-08-21 13:13:15', 'lsw'),
('0036', 'P002', '국산과일', 7, '정말로 맛있습니다', '아주 맛이 베리굿굿', 36, 0, '2022-08-21 13:13:15', 'khm', '2022-08-21 13:13:15', 'lsw'),
('0037', 'P002', '국산과일', 7, '정말로 맛있습니다', '아주 맛이 베리굿굿', 37, 0, '2022-08-21 13:13:15', 'khm', '2022-08-21 13:13:15', 'lsw'),
('0038', 'P002', '국산과일', 7, '정말로 맛있습니다', '아주 맛이 베리굿굿', 38, 0, '2022-08-21 13:13:15', 'khm', '2022-08-21 13:13:15', 'lsw'),
('0039', 'P002', '국산과일', 7, '정말로 맛있습니다', '아주 맛이 베리굿굿', 39, 0, '2022-08-21 13:13:15', 'khm', '2022-08-21 13:13:15', 'lsw'),
('0040', 'P002', '국산과일', 7, '정말로 맛있습니다', '아주 맛이 베리굿굿', 40, 0, '2022-08-21 13:13:15', 'khm', '2022-08-21 13:13:15', 'lsw'),
('0041', 'P002', '국산과일', 7, '정말로 맛있습니다', '아주 맛이 베리굿굿', 41, 0, '2022-08-21 13:13:15', 'khm', '2022-08-21 13:13:15', 'lsw'),
('0042', 'P002', '국산과일', 7, '정말로 맛있습니다', '아주 맛이 베리굿굿', 42, 0, '2022-08-21 13:13:15', 'khm', '2022-08-21 13:13:15', 'lsw'),
('0043', 'P002', '국산과일', 7, '정말로 맛있습니다', '아주 맛이 베리굿굿', 43, 0, '2022-08-21 13:13:15', 'khm', '2022-08-21 13:13:15', 'lsw'),
('0044', 'P002', '국산과일', 7, '정말로 맛있습니다', '아주 맛이 베리굿굿', 44, 0, '2022-08-21 13:13:15', 'khm', '2022-08-21 13:13:15', 'lsw'),
('0045', 'P002', '국산과일', 7, '정말로 맛있습니다', '아주 맛이 베리굿굿', 45, 0, '2022-08-21 13:13:15', 'khm', '2022-08-21 13:13:15', 'lsw'),
('0046', 'P002', '국산과일', 7, '정말로 맛있습니다', '아주 맛이 베리굿굿', 46, 0, '2022-08-21 13:13:15', 'khm', '2022-08-21 13:13:15', 'lsw'),
('0047', 'P002', '국산과일', 7, '정말로 맛있습니다', '아주 맛이 베리굿굿', 47, 0, '2022-08-21 13:13:15', 'khm', '2022-08-21 13:13:15', 'lsw'),
('0048', 'P002', '국산과일', 7, '정말로 맛있습니다', '아주 맛이 베리굿굿', 48, 0, '2022-08-21 13:13:15', 'khm', '2022-08-21 13:13:15', 'lsw'),
('0049', 'P002', '국산과일', 7, '정말로 맛있습니다', '아주 맛이 베리굿굿', 49, 0, '2022-08-21 13:13:15', 'khm', '2022-08-21 13:13:15', 'lsw'),
('0050', 'P002', '국산과일', 7, '정말로 맛있습니다', '아주 맛이 베리굿굿', 50, 0, '2022-08-21 13:13:15', 'khm', '2022-08-21 13:13:15', 'lsw'),
('0051', 'P002', '국산과일', 7, '정말로 맛있습니다', '아주 맛이 베리굿굿', 51, 0, '2022-08-21 13:13:15', 'khm', '2022-08-21 13:13:15', 'lsw'),
('0052', 'P002', '국산과일', 7, '정말로 맛있습니다', '아주 맛이 베리굿굿', 52, 0, '2022-08-21 13:13:15', 'khm', '2022-08-21 13:13:15', 'lsw'),
('0053', 'P002', '국산과일', 7, '정말로 맛있습니다', '아주 맛이 베리굿굿', 53, 0, '2022-08-21 13:13:15', 'khm', '2022-08-21 13:13:15', 'lsw'),
('0054', 'P002', '국산과일', 7, '정말로 맛있습니다', '아주 맛이 베리굿굿', 54, 0, '2022-08-21 13:13:15', 'khm', '2022-08-21 13:13:15', 'lsw'),
('0055', 'P002', '국산과일', 7, '정말로 맛있습니다', '아주 맛이 베리굿굿', 55, 0, '2022-08-21 13:13:15', 'khm', '2022-08-21 13:13:15', 'lsw'),
('0056', 'P002', '국산과일', 7, '정말로 맛있습니다', '아주 맛이 베리굿굿', 56, 0, '2022-08-21 13:13:16', 'khm', '2022-08-21 13:13:16', 'lsw'),
('0057', 'P002', '국산과일', 7, '정말로 맛있습니다', '아주 맛이 베리굿굿', 57, 0, '2022-08-21 13:13:16', 'khm', '2022-08-21 13:13:16', 'lsw'),
('0058', 'P002', '국산과일', 7, '정말로 맛있습니다', '아주 맛이 베리굿굿', 58, 0, '2022-08-21 13:13:16', 'khm', '2022-08-21 13:13:16', 'lsw'),
('0059', 'P002', '국산과일', 7, '정말로 맛있습니다', '아주 맛이 베리굿굿', 59, 0, '2022-08-21 13:13:16', 'khm', '2022-08-21 13:13:16', 'lsw'),
('0060', 'P002', '국산과일', 7, '정말로 맛있습니다', '아주 맛이 베리굿굿', 60, 0, '2022-08-21 13:13:16', 'khm', '2022-08-21 13:13:16', 'lsw'),
('0061', 'P002', '국산과일', 7, '정말로 맛있습니다', '아주 맛이 베리굿굿', 61, 0, '2022-08-21 13:13:16', 'khm', '2022-08-21 13:13:16', 'lsw'),
('0062', 'P002', '국산과일', 7, '정말로 맛있습니다', '아주 맛이 베리굿굿', 62, 0, '2022-08-21 13:13:16', 'khm', '2022-08-21 13:13:16', 'lsw'),
('0063', 'P002', '국산과일', 7, '정말로 맛있습니다', '아주 맛이 베리굿굿', 63, 0, '2022-08-21 13:13:16', 'khm', '2022-08-21 13:13:16', 'lsw'),
('0064', 'P002', '국산과일', 7, '정말로 맛있습니다', '아주 맛이 베리굿굿', 64, 0, '2022-08-21 13:13:16', 'khm', '2022-08-21 13:13:16', 'lsw'),
('0065', 'P002', '국산과일', 7, '정말로 맛있습니다', '아주 맛이 베리굿굿', 65, 0, '2022-08-21 13:13:16', 'khm', '2022-08-21 13:13:16', 'lsw'),
('0066', 'P002', '국산과일', 7, '정말로 맛있습니다', '아주 맛이 베리굿굿', 66, 0, '2022-08-21 13:13:16', 'khm', '2022-08-21 13:13:16', 'lsw'),
('0067', 'P002', '수입과일', 8, '정말로 맛있습니다', '아주 맛이 베리굿굿', 67, 0, '2022-08-21 13:13:16', 'khm', '2022-08-21 13:13:16', 'lsw'),
('0068', 'P002', '간편과일', 9, '정말로 맛있습니다', '아주 맛이 베리굿굿', 68, 0, '2022-08-21 13:13:16', 'khm', '2022-08-21 13:13:16', 'lsw'),
('0069', 'P002', '냉동·건과일', 10, '정말로 맛있습니다', '아주 맛이 베리굿굿', 69, 0, '2022-08-21 13:13:16', 'khm', '2022-08-21 13:13:16', 'lsw'),
('0070', 'P002', '견과류', 11, '정말로 맛있습니다', '아주 맛이 베리굿굿', 70, 0, '2022-08-21 13:13:16', 'khm', '2022-08-21 13:13:16', 'lsw'),
('0071', 'P002', '쌀·잡곡', 12, '정말로 맛있습니다', '아주 맛이 베리굿굿', 71, 0, '2022-08-21 13:13:16', 'khm', '2022-08-21 13:13:16', 'lsw'),
('0072', 'P003', '제철수산', 13, '정말로 맛있습니다', '아주 맛이 베리굿굿', 72, 0, '2022-08-21 13:13:16', 'khm', '2022-08-21 13:13:16', 'lsw'),
('0073', 'P003', '제철수산', 13, '정말로 맛있습니다', '아주 맛이 베리굿굿', 73, 0, '2022-08-21 13:13:16', 'khm', '2022-08-21 13:13:16', 'lsw'),
('0074', 'P003', '제철수산', 13, '정말로 맛있습니다', '아주 맛이 베리굿굿', 74, 0, '2022-08-21 13:13:16', 'khm', '2022-08-21 13:13:16', 'lsw'),
('0075', 'P003', '제철수산', 13, '정말로 맛있습니다', '아주 맛이 베리굿굿', 75, 0, '2022-08-21 13:13:16', 'khm', '2022-08-21 13:13:16', 'lsw'),
('0076', 'P003', '제철수산', 13, '정말로 맛있습니다', '아주 맛이 베리굿굿', 76, 0, '2022-08-21 13:13:16', 'khm', '2022-08-21 13:13:16', 'lsw'),
('0077', 'P003', '제철수산', 13, '정말로 맛있습니다', '아주 맛이 베리굿굿', 77, 0, '2022-08-21 13:13:16', 'khm', '2022-08-21 13:13:16', 'lsw'),
('0078', 'P003', '제철수산', 13, '정말로 맛있습니다', '아주 맛이 베리굿굿', 78, 0, '2022-08-21 13:13:16', 'khm', '2022-08-21 13:13:16', 'lsw'),
('0079', 'P003', '제철수산', 13, '정말로 맛있습니다', '아주 맛이 베리굿굿', 79, 0, '2022-08-21 13:13:16', 'khm', '2022-08-21 13:13:16', 'lsw'),
('0080', 'P003', '제철수산', 13, '정말로 맛있습니다', '아주 맛이 베리굿굿', 80, 0, '2022-08-21 13:13:16', 'khm', '2022-08-21 13:13:16', 'lsw'),
('0081', 'P003', '제철수산', 13, '정말로 맛있습니다', '아주 맛이 베리굿굿', 81, 0, '2022-08-21 13:13:16', 'khm', '2022-08-21 13:13:16', 'lsw'),
('0082', 'P003', '제철수산', 13, '정말로 맛있습니다', '아주 맛이 베리굿굿', 82, 0, '2022-08-21 13:13:16', 'khm', '2022-08-21 13:13:16', 'lsw'),
('0083', 'P003', '제철수산', 13, '정말로 맛있습니다', '아주 맛이 베리굿굿', 83, 0, '2022-08-21 13:13:16', 'khm', '2022-08-21 13:13:16', 'lsw'),
('0084', 'P003', '제철수산', 13, '정말로 맛있습니다', '아주 맛이 베리굿굿', 84, 0, '2022-08-21 13:13:16', 'khm', '2022-08-21 13:13:16', 'lsw'),
('0085', 'P003', '제철수산', 13, '정말로 맛있습니다', '아주 맛이 베리굿굿', 85, 0, '2022-08-21 13:13:16', 'khm', '2022-08-21 13:13:16', 'lsw'),
('0086', 'P003', '제철수산', 13, '정말로 맛있습니다', '아주 맛이 베리굿굿', 86, 0, '2022-08-21 13:13:16', 'khm', '2022-08-21 13:13:16', 'lsw'),
('0087', 'P003', '제철수산', 13, '정말로 맛있습니다', '아주 맛이 베리굿굿', 87, 0, '2022-08-21 13:13:16', 'khm', '2022-08-21 13:13:16', 'lsw'),
('0088', 'P003', '제철수산', 13, '정말로 맛있습니다', '아주 맛이 베리굿굿', 88, 0, '2022-08-21 13:13:16', 'khm', '2022-08-21 13:13:16', 'lsw'),
('0089', 'P003', '제철수산', 13, '정말로 맛있습니다', '아주 맛이 베리굿굿', 89, 0, '2022-08-21 13:13:16', 'khm', '2022-08-21 13:13:16', 'lsw'),
('0090', 'P003', '제철수산', 13, '정말로 맛있습니다', '아주 맛이 베리굿굿', 90, 0, '2022-08-21 13:13:16', 'khm', '2022-08-21 13:13:16', 'lsw'),
('0091', 'P003', '제철수산', 13, '정말로 맛있습니다', '아주 맛이 베리굿굿', 91, 0, '2022-08-21 13:13:16', 'khm', '2022-08-21 13:13:16', 'lsw'),
('0092', 'P003', '제철수산', 13, '정말로 맛있습니다', '아주 맛이 베리굿굿', 92, 0, '2022-08-21 13:13:16', 'khm', '2022-08-21 13:13:16', 'lsw'),
('0093', 'P003', '제철수산', 13, '정말로 맛있습니다', '아주 맛이 베리굿굿', 93, 0, '2022-08-21 13:13:16', 'khm', '2022-08-21 13:13:16', 'lsw'),
('0094', 'P003', '새우·게·랍스터', 14, '정말로 맛있습니다', '아주 맛이 베리굿굿', 94, 0, '2022-08-21 13:13:16', 'khm', '2022-08-21 13:13:16', 'lsw'),
('0095', 'P003', '새우·게·랍스터', 14, '정말로 맛있습니다', '아주 맛이 베리굿굿', 95, 0, '2022-08-21 13:13:16', 'khm', '2022-08-21 13:13:16', 'lsw'),
('0096', 'P003', '새우·게·랍스터', 14, '정말로 맛있습니다', '아주 맛이 베리굿굿', 96, 0, '2022-08-21 13:13:16', 'khm', '2022-08-21 13:13:16', 'lsw'),
('0097', 'P003', '새우·게·랍스터', 14, '정말로 맛있습니다', '아주 맛이 베리굿굿', 97, 0, '2022-08-21 13:13:16', 'khm', '2022-08-21 13:13:16', 'lsw'),
('0098', 'P003', '새우·게·랍스터', 14, '정말로 맛있습니다', '아주 맛이 베리굿굿', 98, 0, '2022-08-21 13:13:16', 'khm', '2022-08-21 13:13:16', 'lsw'),
('0099', 'P003', '새우·게·랍스터', 14, '정말로 맛있습니다', '아주 맛이 베리굿굿', 99, 0, '2022-08-21 13:13:17', 'khm', '2022-08-21 13:13:17', 'lsw'),
('0100', 'P003', '새우·게·랍스터', 14, '정말로 맛있습니다', '아주 맛이 베리굿굿', 100, 0, '2022-08-21 13:13:17', 'khm', '2022-08-21 13:13:17', 'lsw'),
('0101', 'P003', '새우·게·랍스터', 14, '정말로 맛있습니다', '아주 맛이 베리굿굿', 101, 0, '2022-08-21 13:13:17', 'khm', '2022-08-21 13:13:17', 'lsw'),
('0102', 'P003', '새우·게·랍스터', 14, '정말로 맛있습니다', '아주 맛이 베리굿굿', 102, 0, '2022-08-21 13:13:17', 'khm', '2022-08-21 13:13:17', 'lsw'),
('0103', 'P003', '새우·게·랍스터', 14, '정말로 맛있습니다', '아주 맛이 베리굿굿', 103, 0, '2022-08-21 13:13:17', 'khm', '2022-08-21 13:13:17', 'lsw'),
('0104', 'P003', '새우·게·랍스터', 14, '정말로 맛있습니다', '아주 맛이 베리굿굿', 94, 0, '2022-08-21 13:13:16', 'khm', '2022-08-21 13:13:16', 'lsw'),
('0105', 'P003', '새우·게·랍스터', 14, '정말로 맛있습니다', '아주 맛이 베리굿굿', 95, 0, '2022-08-21 13:13:16', 'khm', '2022-08-21 13:13:16', 'lsw'),
('0106', 'P003', '새우·게·랍스터', 14, '정말로 맛있습니다', '아주 맛이 베리굿굿', 96, 0, '2022-08-21 13:13:16', 'khm', '2022-08-21 13:13:16', 'lsw'),
('0107', 'P009', '음료·주스', 37, '정말로 맛있습니다', '아주 맛이 베리굿굿', 95, 0, '2022-08-21 13:13:16', 'khm', '2022-08-21 13:13:16', 'lsw'),
('0108', 'P009', '음료·주스', 37, '정말로 맛있습니다', '아주 맛이 베리굿굿', 96, 0, '2022-08-21 13:13:16', 'khm', '2022-08-21 13:13:16', 'lsw'),
('0109', 'P009', '음료·주스', 37, '정말로 맛있습니다', '아주 맛이 베리굿굿', 97, 0, '2022-08-21 13:13:16', 'khm', '2022-08-21 13:13:16', 'lsw'),
('0110', 'P009', '음료·주스', 37, '정말로 맛있습니다', '아주 맛이 베리굿굿', 98, 0, '2022-08-21 13:13:16', 'khm', '2022-08-21 13:13:16', 'lsw'),
('0111', 'P009', '음료·주스', 37, '정말로 맛있습니다', '아주 맛이 베리굿굿', 99, 0, '2022-08-21 13:13:17', 'khm', '2022-08-21 13:13:17', 'lsw'),
('0112', 'P009', '음료·주스', 37, '정말로 맛있습니다', '아주 맛이 베리굿굿', 100, 0, '2022-08-21 13:13:17', 'khm', '2022-08-21 13:13:17', 'lsw'),
('0113', 'P009', '음료·주스', 37, '정말로 맛있습니다', '아주 맛이 베리굿굿', 101, 0, '2022-08-21 13:13:17', 'khm', '2022-08-21 13:13:17', 'lsw'),
('0114', 'P009', '음료·주스', 37, '정말로 맛있습니다', '아주 맛이 베리굿굿', 102, 0, '2022-08-21 13:13:17', 'khm', '2022-08-21 13:13:17', 'lsw'),
('0115', 'P009', '음료·주스', 37, '정말로 맛있습니다', '아주 맛이 베리굿굿', 103, 0, '2022-08-21 13:13:17', 'khm', '2022-08-21 13:13:17', 'lsw'),
('0116', 'P009', '음료·주스', 37, '정말로 맛있습니다', '아주 맛이 베리굿굿', 104, 0, '2022-08-21 13:13:17', 'khm', '2022-08-21 13:13:17', 'lsw'),
('0117', 'P009', '음료·주스', 37, '정말로 맛있습니다', '아주 맛이 베리굿굿', 105, 0, '2022-08-21 13:13:17', 'khm', '2022-08-21 13:13:17', 'lsw'),
('0118', 'P009', '음료·주스', 37, '정말로 맛있습니다', '아주 맛이 베리굿굿', 106, 0, '2022-08-21 13:13:17', 'khm', '2022-08-21 13:13:17', 'lsw'),
('0119', 'P003', '오징어·낙지·문어', 15, '정말로 맛있습니다', '아주 맛이 베리굿굿', 95, 0, '2022-08-21 13:13:16', 'khm', '2022-08-21 13:13:16', 'lsw'),
('0120', 'P003', '해산물·조개류', 16, '정말로 맛있습니다', '아주 맛이 베리굿굿', 96, 0, '2022-08-21 13:13:16', 'khm', '2022-08-21 13:13:16', 'lsw'),
('0121', 'P003', '수산가공품', 17, '정말로 맛있습니다', '아주 맛이 베리굿굿', 97, 0, '2022-08-21 13:13:16', 'khm', '2022-08-21 13:13:16', 'lsw'),
('0122', 'P003', '김·미역·해조류', 18, '정말로 맛있습니다', '아주 맛이 베리굿굿', 98, 0, '2022-08-21 13:13:16', 'khm', '2022-08-21 13:13:16', 'lsw'),
('0123', 'P003', '건어물·다시팩', 19, '정말로 맛있습니다', '아주 맛이 베리굿굿', 99, 0, '2022-08-21 13:13:17', 'khm', '2022-08-21 13:13:17', 'lsw'),
('0124', 'P004', '국내산 소고기', 20, '정말로 맛있습니다', '아주 맛이 베리굿굿', 100, 0, '2022-08-21 13:13:17', 'khm', '2022-08-21 13:13:17', 'lsw'),
('0125', 'P004', '수입산 소고기', 21, '정말로 맛있습니다', '아주 맛이 베리굿굿', 101, 0, '2022-08-21 13:13:17', 'khm', '2022-08-21 13:13:17', 'lsw'),
('0126', 'P004', '돼지고기', 22, '정말로 맛있습니다', '아주 맛이 베리굿굿', 102, 0, '2022-08-21 13:13:17', 'khm', '2022-08-21 13:13:17', 'lsw'),
('0127', 'P004', '계란류', 23, '정말로 맛있습니다', '아주 맛이 베리굿굿', 103, 0, '2022-08-21 13:13:17', 'khm', '2022-08-21 13:13:17', 'lsw'),
('0128', 'P004', '닭·오리고기', 24, '정말로 맛있습니다', '아주 맛이 베리굿굿', 104, 0, '2022-08-21 13:13:17', 'khm', '2022-08-21 13:13:17', 'lsw'),
('0129', 'P004', '양념육·돈까스', 25, '정말로 맛있습니다', '아주 맛이 베리굿굿', 105, 0, '2022-08-21 13:13:17', 'khm', '2022-08-21 13:13:17', 'lsw'),
('0130', 'P004', '양고기', 26, '정말로 맛있습니다', '아주 맛이 베리굿굿', 106, 0, '2022-08-21 13:13:17', 'khm', '2022-08-21 13:13:17', 'lsw'),
('0131', 'P005', '국·탕·찌개', 27, '정말로 맛있습니다', '아주 맛이 베리굿굿', 107, 0, '2022-08-21 13:13:17', 'khm', '2022-08-21 13:13:17', 'lsw'),
('0132', 'P005', '밀키트·메인요리', 28, '정말로 맛있습니다', '아주 맛이 베리굿굿', 108, 0, '2022-08-21 13:13:17', 'khm', '2022-08-21 13:13:17', 'lsw'),
('0133', 'P005', '밑반찬', 29, '정말로 맛있습니다', '아주 맛이 베리굿굿', 109, 0, '2022-08-21 13:13:17', 'khm', '2022-08-21 13:13:17', 'lsw'),
('0134', 'P005', '김치·젓갈·장류', 30, '정말로 맛있습니다', '아주 맛이 베리굿굿', 110, 0, '2022-08-21 13:13:17', 'khm', '2022-08-21 13:13:17', 'lsw'),
('0135', 'P005', '두부·어묵·부침개', 31, '정말로 맛있습니다', '아주 맛이 베리굿굿', 111, 0, '2022-08-21 13:13:17', 'khm', '2022-08-21 13:13:17', 'lsw'),
('0136', 'P006', '베이컨·햄·통조림', 32, '정말로 맛있습니다', '아주 맛이 베리굿굿', 112, 0, '2022-08-21 13:13:17', 'khm', '2022-08-21 13:13:17', 'lsw'),
('0137', 'P006', '샐러드·닭가슴살', 33, '정말로 맛있습니다', '아주 맛이 베리굿굿', 113, 0, '2022-08-21 13:13:17', 'khm', '2022-08-21 13:13:17', 'lsw'),
('0138', 'P006', '도시락·밥류', 34, '정말로 맛있습니다', '아주 맛이 베리굿굿', 114, 0, '2022-08-21 13:13:17', 'khm', '2022-08-21 13:13:17', 'lsw'),
('0140', 'P009', '생수·탄산수', 36, '정말로 맛있습니다', '아주 맛이 베리굿굿', 126, 0, '2022-08-21 13:13:17', 'khm', '2022-08-21 13:13:17', 'lsw'),
('0141', 'P009', '음료·주스', 37, '정말로 맛있습니다', '아주 맛이 베리굿굿', 127, 0, '2022-08-21 13:13:17', 'khm', '2022-08-21 13:13:17', 'lsw'),
('0142', 'P009', '우유·두유·요거트', 38, '정말로 맛있습니다', '아주 맛이 베리굿굿', 128, 0, '2022-08-21 13:13:17', 'khm', '2022-08-21 13:13:17', 'lsw'),
('0143', 'P009', '커피', 39, '정말로 맛있습니다', '아주 맛이 베리굿굿', 129, 0, '2022-08-21 13:13:17', 'khm', '2022-08-21 13:13:17', 'lsw'),
('0144', 'P009', '차', 40, '정말로 맛있습니다', '아주 맛이 베리굿굿', 130, 0, '2022-08-21 13:13:17', 'khm', '2022-08-21 13:13:17', 'lsw');

-- --------------------------------------------------------

--
-- 테이블 구조 `COMMON_CODE_TYPE_TB`
--

CREATE TABLE `COMMON_CODE_TYPE_TB` (
  `cd_type_id` varchar(10) NOT NULL,
  `up_cd` varchar(5) NOT NULL,
  `up_cd_type_id` varchar(10) NOT NULL,
  `cd_type_name` varchar(10) NOT NULL COMMENT 'EX)채소',
  `in_date` datetime NOT NULL DEFAULT current_timestamp(),
  `in_user` varchar(30) NOT NULL,
  `up_date` datetime NOT NULL DEFAULT current_timestamp(),
  `up_user` varchar(30) NOT NULL
) ENGINE=InnoDB DEFAULT CHARSET=utf8;

--
-- 테이블의 덤프 데이터 `COMMON_CODE_TYPE_TB`
--

INSERT INTO `COMMON_CODE_TYPE_TB` (`cd_type_id`, `up_cd`, `up_cd_type_id`, `cd_type_name`, `in_date`, `in_user`, `up_date`, `up_user`) VALUES
('P001', 'H001', 'H001ID', '채소', '2022-08-16 06:25:38', '강희빈', '2022-08-16 06:25:38', '김형민'),
('P002', 'H001', 'H001ID', '과일·견과·쌀', '2022-08-16 18:11:38', '강희빈', '2022-08-16 18:11:38', '김형민'),
('P003', 'H001', 'H001ID', '수산·해산·건어물', '2022-08-16 18:11:38', '강희빈', '2022-08-16 18:11:38', '김형민'),
('P004', 'H001', 'H001ID', '정육·계란', '2022-08-16 18:11:38', '강희빈', '2022-08-16 18:11:38', '김형민'),
('P005', 'H001', 'H001ID', '국·반찬·메인요리', '2022-08-16 18:11:38', '강희빈', '2022-08-16 18:11:38', '김형민'),
('P006', 'H001', 'H001ID', '샐러드·간편식', '2022-08-16 18:11:38', '강희빈', '2022-08-16 18:11:38', '김형민'),
('P007', 'H001', 'H001ID', '면·양념·오일', '2022-08-16 18:11:38', '강희빈', '2022-08-16 18:11:38', '김형민'),
('P009', 'H001', 'H001ID', '생수·음료·우유·차', '2022-08-16 18:11:39', '강희빈', '2022-08-16 18:11:39', '김형민'),
('P010', 'H001', 'H001ID', '베이커리·치즈·델리', '2022-08-16 18:11:39', '강희빈', '2022-08-16 18:11:39', '김형민');

-- --------------------------------------------------------

--
-- 테이블 구조 `COUPON_TB`
--

CREATE TABLE `COUPON_TB` (
  `coupn_id` int(11) NOT NULL COMMENT 'AUTO INCREMENT',
  `event_id` int(11) DEFAULT NULL,
  `nm` varchar(50) NOT NULL,
  `ds_max_posbl_amt` int(11) DEFAULT NULL,
  `func` varchar(10) NOT NULL,
  `lmtt_cnd` varchar(50) DEFAULT NULL,
  `unit_type` tinyint(4) DEFAULT 0,
  `value` int(11) NOT NULL DEFAULT 0,
  `expi_dd` char(8) NOT NULL,
  `in_date` datetime NOT NULL DEFAULT current_timestamp(),
  `in_user` varchar(30) NOT NULL DEFAULT 'CURRENT_USER',
  `up_date` datetime NOT NULL DEFAULT current_timestamp(),
  `up_user` varchar(30) NOT NULL DEFAULT 'CURRENT_USER',
  `use_cnd` varchar(50) DEFAULT NULL
) ENGINE=InnoDB DEFAULT CHARSET=utf8;

-- --------------------------------------------------------

--
-- 테이블 구조 `DELIVERY_LOG_TB`
--

CREATE TABLE `DELIVERY_LOG_TB` (
  `order_id` int(11) NOT NULL COMMENT 'AUTO_INCREMENT',
  `rcv_nm` varchar(30) NOT NULL,
  `rcv_mobl` varchar(30) NOT NULL,
  `all_addr` varchar(100) NOT NULL COMMENT '주소 + 상세 주소',
  `req_dtls` varchar(100) DEFAULT NULL,
  `dlvr_stus_cd` varchar(30) NOT NULL COMMENT '배송대기, 배송중, 배송완료',
  `pack_typ_cd` varchar(30) NOT NULL COMMENT '상온, 냉장, 냉동',
  `dlvr_yn` tinyint(1) NOT NULL DEFAULT 1 COMMENT '배송 직후, 수신 거부',
  `in_date` datetime NOT NULL DEFAULT current_timestamp(),
  `in_user` varchar(30) NOT NULL,
  `up_date` datetime NOT NULL DEFAULT current_timestamp(),
  `up_user` varchar(30) NOT NULL
) ENGINE=InnoDB DEFAULT CHARSET=utf8;

-- --------------------------------------------------------

--
-- 테이블 구조 `EVENT_PRODUCT_LIST_TB`
--

CREATE TABLE `EVENT_PRODUCT_LIST_TB` (
  `event_id` int(11) NOT NULL COMMENT 'AUTO_INCREMENT',
  `pdt_id` int(11) NOT NULL COMMENT 'AUTO_INCREMENT',
  `in_date` datetime NOT NULL DEFAULT current_timestamp(),
  `in_user` varchar(30) NOT NULL,
  `up_date` datetime NOT NULL DEFAULT current_timestamp(),
  `up_user` varchar(30) NOT NULL
) ENGINE=InnoDB DEFAULT CHARSET=utf8;

-- --------------------------------------------------------

--
-- 테이블 구조 `EVENT_TB`
--

CREATE TABLE `EVENT_TB` (
  `event_id` int(11) NOT NULL COMMENT 'AUTO_INCREMENT',
  `nm` varchar(50) NOT NULL,
  `des` varchar(200) DEFAULT NULL,
  `photo` varchar(1000) DEFAULT NULL,
  `photo_alt` varchar(100) DEFAULT NULL,
  `cat_cd` int(11) NOT NULL,
  `setl_methd_cd` varchar(10) DEFAULT NULL,
  `stpt_dd` datetime NOT NULL,
  `expi_dd` datetime NOT NULL,
  `early_end_stus` tinyint(1) NOT NULL DEFAULT 0,
  `ds_rate` int(11) NOT NULL DEFAULT 0,
  `in_date` datetime NOT NULL DEFAULT current_timestamp(),
  `in_user` varchar(30) NOT NULL DEFAULT 'abc',
  `up_date` datetime NOT NULL DEFAULT current_timestamp(),
  `up_user` varchar(30) NOT NULL DEFAULT 'CURRENT_USER'
) ENGINE=InnoDB DEFAULT CHARSET=utf8;

--
-- 테이블의 덤프 데이터 `EVENT_TB`
--

INSERT INTO `EVENT_TB` (`event_id`, `nm`, `des`, `photo`, `photo_alt`, `cat_cd`, `setl_methd_cd`, `stpt_dd`, `expi_dd`, `early_end_stus`, `ds_rate`, `in_date`, `in_user`, `up_date`, `up_user`) VALUES
(86, 'postman nm', 'postman des', 'https://product-image.kurly.com/cdn-cgi/image/width=1050,format=auto/banner/event/27a372e4-b59a-4ced-91b9-62df044ef1da.jpg', 'format=auto/banner/event/27a372e4-b59a-4ced-91b9-62df044ef1da.jpg', 1, 'A002', '2022-08-14 06:49:53', '2020-03-24 00:00:00', 0, 30, '2022-08-13 06:07:03', 'abc', '2022-08-13 06:07:03', 'CURRENT_USER'),
(87, '3', 'asdf', 'https://product-image.kurly.com/cdn-cgi/image/width=1050,format=auto/banner/event/a4c5a092-7e01-4174-8a01-90c27f7a0e68.jpg', 'format=auto/banner/event/a4c5a092-7e01-4174-8a01-90c27f7a0e68.jpg', 7, 'A001', '2022-08-14 06:49:53', '2021-04-05 00:00:00', 0, 30, '2022-08-13 06:40:24', 'abc', '2022-08-13 06:40:24', 'CURRENT_USER'),
(88, '테스트하기직전', 'asdf', 'https://product-image.kurly.com/cdn-cgi/image/width=1050,format=auto/banner/event/636e707e-0c00-461b-b3f7-041e15f45b28.jpg', 'format=auto/banner/event/e110c32d-7dc3-4708-aeff-c8a999128e19.jpg', 13, 'A001', '2022-08-14 00:00:00', '2021-08-14 00:00:00', 0, 30, '2022-08-13 06:40:41', 'abc', '2022-08-13 06:40:41', 'CURRENT_USER'),
(90, '4', 'asdf', 'https://product-image.kurly.com/cdn-cgi/image/width=1050,format=auto/banner/event/7558735a-e406-48ab-87e9-bb039ea7c71b.jpg', 'format=auto/banner/event/521f94c7-fd83-409a-a699-70aed8b0d037.jpg', 3, 'A001', '2022-08-14 06:49:53', '2021-08-14 00:00:00', 0, 65, '2022-08-14 05:37:26', 'abc', '2022-08-14 05:37:26', 'CURRENT_USER'),
(91, 'datetime 확인', 'asdf', 'https://product-image.kurly.com/cdn-cgi/image/width=1050,format=auto/banner/event/27ba6a86-7b6f-44fe-a4d7-a375a42eb43b.jpg', 'format=auto/banner/event/c717296a-9b4e-4ead-b4a8-3e068a14ea89.jpg', 4, 'asdf', '2022-08-14 06:49:53', '2021-06-05 00:00:00', 0, 30, '2022-08-14 06:01:51', 'abc', '2022-08-14 06:01:51', 'CURRENT_USER'),
(93, '신한카드 결제 이벤트', 'asdf', 'https://product-image.kurly.com/cdn-cgi/image/width=1050,format=auto/banner/event/d3a91a44-86b5-4c92-bb7b-7434c6aeae78.jpg', 'format=auto/banner/event/abb04c8a-de16-4bf4-809e-594881d60bcf.jpg', 5, 'A001', '1978-02-26 00:00:00', '2022-04-05 00:00:00', 1, 30, '2022-08-15 06:11:37', 'abc', '2022-08-15 06:11:37', 'CURRENT_USER'),
(95, 'test nm', 'test desc', 'https://product-image.kurly.com/cdn-cgi/image/width=1050,format=auto/banner/event/abb04c8a-de16-4bf4-809e-594881d60bcf.jpg', 'format=auto/banner/event/d3a91a44-86b5-4c92-bb7b-7434c6aeae78.jpg', 6, 'A001', '1997-02-26 00:00:00', '2022-09-25 00:00:00', 0, 10, '2022-08-16 08:23:36', 'abc', '2022-08-16 08:23:36', 'CURRENT_USER'),
(102, '123098zxcv', 'test desc', 'https://product-image.kurly.com/cdn-cgi/image/width=1050,format=auto/banner/event/521f94c7-fd83-409a-a699-70aed8b0d037.jpg', 'format=auto/banner/event/7558735a-e406-48ab-87e9-bb039ea7c71b.jpg', 7, 'A001', '1997-02-26 00:00:00', '2022-09-25 00:00:00', 0, 10, '2022-08-17 03:08:33', 'abc', '2022-08-17 03:08:33', 'CURRENT_USER');

-- --------------------------------------------------------

--
-- 테이블 구조 `INQ_BOARD_TB`
--

CREATE TABLE `INQ_BOARD_TB` (
  `bbs_id` int(11) NOT NULL,
  `is_secret` tinyint(1) NOT NULL DEFAULT 0 COMMENT 'true면 비밀글',
  `is_replied` tinyint(1) NOT NULL DEFAULT 0 COMMENT 'true면 답변완료',
  `in_date` datetime NOT NULL DEFAULT current_timestamp(),
  `int_user` varchar(30) NOT NULL,
  `up_date` datetime NOT NULL DEFAULT current_timestamp(),
  `up_user` varchar(30) NOT NULL
) ENGINE=InnoDB DEFAULT CHARSET=utf8;

-- --------------------------------------------------------

--
-- 테이블 구조 `KURLYPAY_POINT_HIST_TB`
--

CREATE TABLE `KURLYPAY_POINT_HIST_TB` (
  `pnt_hist_id` int(11) NOT NULL,
  `user_id` int(11) NOT NULL COMMENT 'AUTO_INCREMENT',
  `odr_id` int(11) NOT NULL COMMENT 'AUTO_INCREMENT',
  `chng_pnt` int(11) NOT NULL,
  `pnt_chng_dt` timestamp NULL DEFAULT NULL,
  `in_date` datetime NOT NULL DEFAULT current_timestamp(),
  `in_user` varchar(30) NOT NULL,
  `up_date` datetime NOT NULL DEFAULT current_timestamp(),
  `up_user` varchar(30) NOT NULL
) ENGINE=InnoDB DEFAULT CHARSET=utf8;

-- --------------------------------------------------------

--
-- 테이블 구조 `NON_USER_TB`
--

CREATE TABLE `NON_USER_TB` (
  `email` varchar(30) NOT NULL,
  `id` int(11) NOT NULL COMMENT 'AUTO_INCREMENT',
  `mobl` varchar(20) NOT NULL,
  `sel_terms` tinyint(1) NOT NULL DEFAULT 1,
  `dlvr_info` varchar(30) NOT NULL,
  `in_date` datetime NOT NULL DEFAULT current_timestamp(),
  `in_user` varchar(30) NOT NULL,
  `up_date` datetime NOT NULL DEFAULT current_timestamp(),
  `up_user` varchar(30) NOT NULL
) ENGINE=InnoDB DEFAULT CHARSET=utf8;

-- --------------------------------------------------------

--
-- 테이블 구조 `ORDER_LOG_TB`
--

CREATE TABLE `ORDER_LOG_TB` (
  `ord_id` int(11) NOT NULL COMMENT 'AUTO_INCREMENT',
  `ord_nm` varchar(20) NOT NULL,
  `ord_mobl` varchar(20) NOT NULL,
  `ord_stus_cd` varchar(30) NOT NULL COMMENT '주문대기, 주문완료, 주문취소, 주문오류',
  `ord_dcrs_dtm` datetime DEFAULT NULL,
  `in_date` datetime NOT NULL DEFAULT current_timestamp(),
  `in_user` varchar(30) NOT NULL,
  `up_date` datetime NOT NULL DEFAULT current_timestamp(),
  `up_user` varchar(30) NOT NULL
) ENGINE=InnoDB DEFAULT CHARSET=utf8;

-- --------------------------------------------------------

--
-- 테이블 구조 `ORDER_PRODUCT_TB`
--

CREATE TABLE `ORDER_PRODUCT_TB` (
  `ord_id` int(11) NOT NULL COMMENT 'AUTO_INCREMENT',
  `pdt_id` int(11) NOT NULL COMMENT 'AUTO_INCREMENT',
  `pdt_qty` int(11) NOT NULL DEFAULT 1,
  `in_date` datetime NOT NULL DEFAULT current_timestamp(),
  `in_user` varchar(30) NOT NULL DEFAULT 'in_user',
  `up_date` datetime NOT NULL DEFAULT current_timestamp(),
  `up_user` varchar(30) NOT NULL DEFAULT 'up_user'
) ENGINE=InnoDB DEFAULT CHARSET=utf8;

--
-- 테이블의 덤프 데이터 `ORDER_PRODUCT_TB`
--

INSERT INTO `ORDER_PRODUCT_TB` (`ord_id`, `pdt_id`, `pdt_qty`, `in_date`, `in_user`, `up_date`, `up_user`) VALUES
(1, 27, 1, '2022-09-17 19:51:11', 'in_user', '2022-09-17 19:51:11', 'up_user'),
(2, 27, 4, '2022-09-17 19:59:57', 'in_user', '2022-09-17 19:59:57', 'up_user');

-- --------------------------------------------------------

--
-- 테이블 구조 `ORDER_TB`
--

CREATE TABLE `ORDER_TB` (
  `ord_id` int(11) NOT NULL COMMENT '주문 ID, AUTO_INCREMENT',
  `user_id` int(11) NOT NULL COMMENT '유저 ID, AUTO_INCREMENT',
  `addr_id` int(11) NOT NULL DEFAULT 0 COMMENT '배송지 ID, AUTO_INCREMENT',
  `coupn_id` int(11) NOT NULL DEFAULT 0 COMMENT '쿠폰 ID, AUTO INCREMENT',
  `stus_cd` varchar(30) NOT NULL DEFAULT 'O001' COMMENT '주문 상태 코드 (주문대기, 주문완료, 주문취소, 주문오류)',
  `req_plc_cd` varchar(30) NOT NULL DEFAULT '' COMMENT '요청 수령 장소 (문 앞, 경비실, 택배함)',
  `req_dtls` varchar(100) DEFAULT NULL COMMENT '세부 요청 사항',
  `used_acamt` int(11) NOT NULL DEFAULT 0 COMMENT '사용된 포인트',
  `dlvr_yn` tinyint(1) NOT NULL DEFAULT 1 COMMENT '배송 완료 여부 (배송 직후, 수신 거부)',
  `in_date` datetime NOT NULL DEFAULT current_timestamp(),
  `in_user` varchar(30) NOT NULL DEFAULT 'in_user',
  `up_date` datetime NOT NULL DEFAULT current_timestamp(),
  `up_user` varchar(30) NOT NULL DEFAULT 'up_user',
  `all_amt` int(11) DEFAULT 0 COMMENT '총 주문 가격'
) ENGINE=InnoDB DEFAULT CHARSET=utf8;

--
-- 테이블의 덤프 데이터 `ORDER_TB`
--

INSERT INTO `ORDER_TB` (`ord_id`, `user_id`, `addr_id`, `coupn_id`, `stus_cd`, `req_plc_cd`, `req_dtls`, `used_acamt`, `dlvr_yn`, `in_date`, `in_user`, `up_date`, `up_user`, `all_amt`) VALUES
(1, 101, 0, 0, 'O001', '', NULL, 0, 1, '2022-09-17 19:51:11', 'in_user', '2022-09-17 19:51:11', 'up_user', 3141),
(2, 101, 0, 0, 'O001', '', NULL, 0, 1, '2022-09-17 19:59:57', 'in_user', '2022-09-17 19:59:57', 'up_user', 12564);

-- --------------------------------------------------------

--
-- 테이블 구조 `PAYMENT_LOG_TB`
--

CREATE TABLE `PAYMENT_LOG_TB` (
  `ord_id` int(11) NOT NULL COMMENT 'AUTO_INCREMENT',
  `setl_stus_cd` varchar(30) NOT NULL,
  `setl_mn_cd` varchar(30) NOT NULL COMMENT '신용카드, 간편결제, 휴대폰',
  `setl_amt` int(11) NOT NULL,
  `setl_dtm` datetime NOT NULL,
  `in_date` datetime NOT NULL,
  `in_user` varchar(30) NOT NULL,
  `up_date` datetime NOT NULL,
  `up_user` varchar(30) NOT NULL
) ENGINE=InnoDB DEFAULT CHARSET=utf8;

-- --------------------------------------------------------

--
-- 테이블 구조 `PAYMENT_TB`
--

CREATE TABLE `PAYMENT_TB` (
  `ord_id` int(11) NOT NULL COMMENT 'AUTO_INCREMENT',
  `user_id` int(11) NOT NULL COMMENT 'AUTO_INCREMENT',
  `setl_cd` varchar(30) NOT NULL COMMENT '결제 수단 코드 (신용카드, 간편결제, 휴대폰)',
  `setl_stus_cd` varchar(30) NOT NULL DEFAULT 'M001' COMMENT '결제 상태 코드 (결제중, 결제완료, 결제취소, 결제오류)',
  `all_amt` int(11) NOT NULL COMMENT '총 상품 금액',
  `all_dc_amt` int(11) NOT NULL DEFAULT 0 COMMENT '총 상품 할인 금액',
  `dlvr_amt` int(11) NOT NULL DEFAULT 0 COMMENT '배송비',
  `in_date` datetime NOT NULL DEFAULT current_timestamp(),
  `in_user` varchar(30) NOT NULL DEFAULT 'in_user',
  `up_date` datetime NOT NULL DEFAULT current_timestamp(),
  `up_user` varchar(30) NOT NULL DEFAULT 'up_user'
) ENGINE=InnoDB DEFAULT CHARSET=utf8;

-- --------------------------------------------------------

--
-- 테이블 구조 `PRICE_CHANGE_HISTORY_TB`
--

CREATE TABLE `PRICE_CHANGE_HISTORY_TB` (
  `his_id` int(11) NOT NULL COMMENT 'AUTO_INCREMENT',
  `pdt_id` int(11) NOT NULL COMMENT 'AUTO_INCREMENT',
  `bf_date` date NOT NULL,
  `ar_date` date NOT NULL,
  `price` int(11) NOT NULL DEFAULT 0,
  `his_rsn` varchar(50) NOT NULL,
  `in_date` datetime NOT NULL DEFAULT current_timestamp(),
  `in_user` varchar(30) NOT NULL,
  `up_date` datetime NOT NULL DEFAULT current_timestamp(),
  `up_user` varchar(30) NOT NULL
) ENGINE=InnoDB DEFAULT CHARSET=utf8;

-- --------------------------------------------------------

--
-- 테이블 구조 `PRODUCT_DETAIL_TB`
--

CREATE TABLE `PRODUCT_DETAIL_TB` (
  `pdt_id` int(11) NOT NULL COMMENT 'AUTO_INCREMENT',
  `pack_cd` varchar(30) NOT NULL COMMENT '상온, 냉장, 냉동',
  `sell_cd` varchar(30) NOT NULL,
  `weca_cd` varchar(30) NOT NULL,
  `allg_dt` varchar(200) DEFAULT '',
  `ex_dt` varchar(100) DEFAULT '',
  `origin` varchar(20) DEFAULT '',
  `notice` varchar(300) DEFAULT '',
  `prt_info` text NOT NULL,
  `prt_image` varchar(255) DEFAULT '',
  `company` varchar(20) DEFAULT '',
  `de_type` tinyint(1) NOT NULL DEFAULT 1 COMMENT 'T:샛별배송, F:낮배송',
  `in_date` datetime NOT NULL DEFAULT current_timestamp(),
  `in_user` varchar(30) NOT NULL,
  `up_date` datetime NOT NULL DEFAULT current_timestamp(),
  `up_user` varchar(30) NOT NULL
) ENGINE=InnoDB DEFAULT CHARSET=utf8;

--
-- 테이블의 덤프 데이터 `PRODUCT_DETAIL_TB`
--

INSERT INTO `PRODUCT_DETAIL_TB` (`pdt_id`, `pack_cd`, `sell_cd`, `weca_cd`, `allg_dt`, `ex_dt`, `origin`, `notice`, `prt_info`, `prt_image`, `company`, `de_type`, `in_date`, `in_user`, `up_date`, `up_user`) VALUES
(25, '상온 (종이포장)', '1묶음', '250mL*6', '우유, 메밀, 땅콩, 복숭아, 토마토, 호두, 잣을 사용한 제품과 같은 시설에서 제조', '', '', '', 'https://img-cf.kurly.com/shop/data/goodsview/20210927/gv30000229237_1.jpg', 'https://img-cf.kurly.com/shop/data/goodsview/20210927/gv30000229233_1.jpg', '펩시', 1, '2022-08-23 01:22:35', '1', '2022-08-23 01:22:35', '1'),
(26, '냉장 (종이포장)', '', '계절에 따라서 크기가 상이 할 수 있습니다.', '', '', '국내', '- 제철 적기에 따른 품질 균일화를 위해 수시로 산지를 변경하고 있습니다.  - 식품 특성상 중량은 3% 내외의 차이가 발생할 수 있습니다.  - 해당 상품은 여러 협력업체에서 납품하고 있는 상품으로 수령 시, 상이한 협력업체의 상품을 받아보실 수 있습니다. 품질은 동일 기준으로 입고되고 있사오니 참고 부탁드립니다.', 'https://img-cf.kurly.com/shop/data/goodsview/20210915/gv20000226841_1.jpg', 'https://img-cf.kurly.com/shop/data/goodsview/20210915/gv00000005918_1.jpg', '열린식품', 1, '2022-08-23 01:27:57', '1', '2022-08-23 01:27:57', '1'),
(27, '냉장 (종이포장)', '1개', '200g 내외', '', '농산물로 별도의 유통기한은 없으나 가급적 빨리 섭취를 권장드립니다.', '국산', ' - 식품 특성상 중량은 3% 내외의 차이가 발생할 수 있습니다.  - 일반 단호박과 달리 크기가 작은 미니 사이즈인 점 안내드립니다  - 상품의 후숙 정도에 따라 붉은색이 돌 수 있는 점 구매에 참고 부탁드리겠습니다.', 'https://img-cf.kurly.com/shop/data/goodsview/20220525/gv20000319633_1.jpg', 'https://img-cf.kurly.com/shop/data/goodsview/20170703/gv30000004692_1.jpg', '단미네', 0, '2022-08-23 01:30:12', '1', '2022-08-23 01:30:12', '1'),
(28, ' 냉장 (종이포장)', '1봉지', '600g', '', '', '국내', ' - 식품 특성상 중량은 3% 내외의 차이가 발생할 수 있습니다.  - 제철 적기에 따른 품질 균일화를 위해 수시로 산지를 변경하고 있습니다.', 'https://img-cf.kurly.com/shop/data/goodsview/20220614/gv10000326854_1.jpg', 'https://img-cf.kurly.com/shop/data/goodsview/20170807/gv40000005914_1.jpg', '에크렌시아', 0, '2022-08-23 01:30:46', '1', '2022-08-23 01:30:46', '1'),
(29, '냉동 (종이포장)', '1봉', '600g', '-이 제품은 계란, 우유, 메밀, 땅콩, 대두, 밀, 게, 새우, 고등어, 복숭아, 토마토, 돼지고기, 아황산류, 호두, 쇠고기, 닭고기, 오징어, 조개류(굴,전복,홍합 포함), 잣을 사용한 제품과 같은 제조시설에서 제조하고 있습니다.', ' 출고일 기준, 유통기한이 360일 이상 남은 상품을 보내드립니다.(총 유통기한 : 1090일)', '유럽(벨기에)', ' - 상품 특성 상 봉지 터짐으로 인한 파손을 막기 위해 포장봉지에 작은 숨구멍을 뚫어 놓았음을 알려 드립니다.', 'https://img-cf.kurly.com/shop/data/goodsview/20210701/gv10000199194_1.jpg', 'https://img-cf.kurly.com/shop/data/goodsview/20190513/gv00000050050_1.jpg', '신선우리', 0, '2022-08-19 23:46:20', '1', '2022-08-19 23:46:20', '1'),
(30, '냉동 (종이포장)', '1봉', '600g', ' -이 제품은 계란, 우유, 메밀, 땅콩, 대두, 밀, 게, 새우, 고등어, 복숭아, 토마토, 돼지고기, 아황산류, 호두, 쇠고기, 닭고기, 오징어, 조개류(굴,전복,홍합 포함), 잣을 사용한 제품과 같은 제조시설에서 제조하고 있습니다.', ' 출고일 기준, 유통기한이 360일 이상 남은 상품을 보내드립니다.(총 유통기한 : 1090일)', '유럽(벨기에, 오스트리아, 프랑스)', ' - 해동과정 없이 불에 재빨리 볶아 먹으면 더 좋은 식감을 느낄 수 있습니다.  - 상품 특성 상 봉지 터짐으로 인한 파손을 막기 위해 포장봉지에 작은 숨구멍을 뚫어 놓았음을 알려 드립니다.  - 수입일정에 따라 세 곳의 원산지 중 한 산지의 상품을 보내드립니다.', 'https://img-cf.kurly.com/shop/data/goodsview/20210701/gv10000199185_1.jpg', 'https://img-cf.kurly.com/shop/data/goodsview/20190513/gv10000050001_1.jpg', '믿음야채', 0, '2022-08-23 01:46:04', '1', '2022-08-23 01:46:04', '1'),
(31, '냉장 (종이포장)', '1봉', '1kg 내외', '', '농산물로 별도의 유통기한은 없으나 가급적 빨리 섭취를 권장합니다.', '국내산', ' - 신선식품의 특성상 상품의 3% 내외의 중량에 차이가 발생할 수 있습니다.  - 수확하는 원물의 토질 및 수확시기에 따라 상품의 표면이 트여 있을 수 있으나 썩은 게 아닌 정상상품입니다.', 'https://img-cf.kurly.com/shop/data/goodsview/20201116/gv30000135002_1.jpg', 'https://img-cf.kurly.com/shop/data/goodsview/20201116/gv30000134914_1.jpg', '풀무원', 0, '2022-08-23 01:46:32', '1', '2022-08-23 01:46:32', '1'),
(32, '냉장 (종이포장)', '1봉', '500g', '', '농산물로 별도의 유통기한은 없으나 가급적 빠르게 드시기 바랍니다.', '국산', ' - 산지 사정에 따라 당근 갯수의 차이가 있을 수 있습니다.  - 식품 특성상 약 3%내외의 중량차이가 있을 수 있습니다.', 'https://img-cf.kurly.com/shop/data/goodsview/20210624/gv30000196575_1.jpg', 'https://img-cf.kurly.com/shop/data/goodsview/20201217/gv30000144024_1.jpg', '바른이', 0, '2022-08-23 01:47:00', '1', '2022-08-23 01:47:00', '1'),
(33, '냉장 (종이포장)', '1봉', '200g', '', '농산물로 별도의 유통기한은 없으나 가급적 빠르게 드시기 바랍니다.', '국산', '- 식품 특성 상 약 3%내외의 중량 차이가 있을 수 있습니다.', 'https://img-cf.kurly.com/shop/data/goodsview/20201102/gv40000131524_1.jpg', 'https://img-cf.kurly.com/shop/data/goodsview/20201102/gv10000131498_1.jpg', '믿음야채', 0, '2022-08-23 01:47:23', '1', '2022-08-23 01:47:23', '1'),
(34, '냉동 (종이포장)', '1봉', '600g', '', '출고일 기준, 유통기한이 560일 이상 남은 상품을 보내드립니다.(총 유통기한 : 1030일)', '스페인산', '- 이미 냉동된 바 있으니 해동 후 재 냉동시키지 마시길 바랍니다.  - 요리에 직접 사용하실 경우에는 마지막에 넣고 조리하시기 바랍니다.  - 본 제품은 제조 시 가볍게 데쳐진 제품으로 오랜 시간 가열할 경우 제품이 물러질 수 있으니 주의하시길 바랍니다.  - 상품 파손 방지를 위해 상품에 숨구멍으로 조그만한 구멍이 뚫려 있으나 정상 상품임을 알려 드립니다.', 'https://img-cf.kurly.com/shop/data/goodsview/20210701/gv30000199210_1.jpg', 'https://img-cf.kurly.com/shop/data/goodsview/20191028/gv40000066000_1.jpg', '바른청과', 0, '2022-08-23 01:48:44', '1', '2022-08-23 01:48:44', '1'),
(35, '냉장 (종이포장)', '1박스', '1.5kg', '', '', '국내산', ' - 수령시 반드시 박스에서 꺼내 말려주시고 통풍이 잘되는 곳에 상온보관 권장드리며, 신문지 등으로 습기를 제거해주시면 조금 더 신선도 유지가 가능합니다.  - 상온 보관시 싹이날수 있으나 감자싹과 달리 독성이 없으니 제거하고 드시면 됩니다.  - 수확하는 원물의 토질 및 수확시기에 따라 상품의 표면이 트여 있을 수 있으나 썩은 게 아닌 정상상품입니다.', 'https://img-cf.kurly.com/shop/data/goodsview/20201118/gv10000135719_1.jpg', 'https://img-cf.kurly.com/shop/data/goodsview/20201118/gv40000135709_1.jpg', '열린식품', 0, '2022-08-23 01:49:09', '1', '2022-08-23 01:49:09', '1'),
(36, '냉장 (종이포장)', '1망', '1.5kg', '', '신선식품으로 별도의 유통기한은 없으나 가급적 빠른 시일 내에 드시길 바랍니다.', '국내산', '- 신선식품으로 중량에 3% 내외의 차이가 있을 수 있습니다.', 'https://img-cf.kurly.com/shop/data/goodsview/20200825/gv20000116004_1.jpg', 'https://img-cf.kurly.com/shop/data/goodsview/20200825/gv40000116002_1.jpg', '단미네', 0, '2022-08-23 01:49:31', '1', '2022-08-23 01:49:31', '1'),
(37, '냉장 (종이포장)', '1봉지', '300g', '', '', '국내산', ' - 유기농 즙용 케일은 크기가 커서 반으로 접은 상태로 배송됩니다.  - 케일이 꺾일 수는 있으나 맛이나 신선도에는 지장이 없습니다.  - 식품 특성상 중량은 3% 내외의 차이가 발생할 수 있습니다.', 'https://img-cf.kurly.com/shop/data/goodsview/20170704/gv40000004783_1.jpg', 'https://img-cf.kurly.com/shop/data/goodsview/20170704/gv00000004780_1.jpg', '에크렌시아', 1, '2022-08-23 01:49:58', '1', '2022-08-23 01:49:58', '1'),
(38, '냉장 (종이포장)', '1EA', '별도표기', '', '', '국산', '- 식품 특성상 중량은 3% 내외의 차이가 발생할 수 있습니다.', 'https://img-cf.kurly.com/shop/data/goodsview/20200408/gv40000089532_1.jpg', 'https://img-cf.kurly.com/shop/data/goodsview/20170804/gv20000005854_1.jpg', '열린식품', 1, '2022-08-23 01:50:24', '1', '2022-08-23 01:50:24', '1'),
(39, '냉장 (종이포장)', '1봉', '800g 내외', '', '농산물로 별도의 유통기한은 없으나 가급적 빨리 섭취를 권장합니다.', '국내산', ' - 신선식품의 특성상 상품의 3% 내외의 중량에 차이가 발생할 수 있습니다.  - 수확하는 원물의 토질 및 수확시기에 따라 상품의 표면이 트여 있을 수 있으나 썩은 게 아닌 정상상품입니다.', 'https://img-cf.kurly.com/shop/data/goodsview/20220614/gv10000326816_1.jpg', 'https://img-cf.kurly.com/shop/data/goodsview/20201118/gv10000135566_1.jpg', '신선우리', 1, '2022-08-23 01:50:49', '1', '2022-08-23 01:50:49', '1'),
(40, '냉동 (종이포장)', '1봉', '600g', '-이 제품은 계란, 우유, 메밀, 땅콩, 대두, 밀, 게, 새우, 고등어, 복숭아, 토마토, 돼지고기, 아황산류, 호두, 쇠고기, 닭고기, 오징어, 조개류(굴,전복,홍합 포함), 잣을 사용한 제품과 같은 제조시설에서 제조하고 있습니다.', ' 출고일 기준, 유통기한이 360일 이상 남은 상품을 보내드립니다.(총 유통기한 : 1090일)', '유럽(벨기에)', ' - 상품 특성 상 봉지 터짐으로 인한 파손을 막기 위해 포장봉지에 작은 숨구멍을 뚫어 놓았음을 알려 드립니다.', 'https://img-cf.kurly.com/shop/data/goodsview/20210701/gv00000199188_1.jpg', 'ㄴㄴㄴ', '바른청과', 1, '2022-08-23 01:51:16', '1', '2022-08-23 01:51:16', '1'),
(41, '냉장 (종이포장)', '1팩', '150g/팩', '', '농산물이므로 별도의 유통기한은 없으나 가급적 빠르게 드시기 바랍니다.', '국산', '- 식품 특성상 3%내외의 중량차이가 있을 수 있습니다.', 'https://img-cf.kurly.com/shop/data/goodsview/20210625/gv00000196850_1.jpg', 'https://img-cf.kurly.com/shop/data/goodsview/20190507/gv40000049578_1.jpg', '바른이', 1, '2022-08-23 01:51:58', '1', '2022-08-23 01:51:58', '1'),
(43, '냉장 (종이포장)', '1봉지', '350g', '', '농산물로 별도의 유통기한은 없으나 가급적 빨리 섭취를 권장드립니다.', '국내산', '- 식품 특성상 중량은 3% 내외의 차이가 발생할 수 있습니다.', 'https://img-cf.kurly.com/shop/data/goodsview/20220627/gv40000331097_1.jpg', 'https://img-cf.kurly.com/shop/data/goodsview/20220630/gv30000331098_1.jpg', '믿음야채', 1, '2022-08-23 01:52:35', '1', '2022-08-23 01:52:35', '1'),
(44, '냉장 (종이포장)', '1팩', '200g', '', '', '국산', ' - 수급 상황에 따라 인증 종류 및 번호가 다를 수 있으며, 제품에 표기된 인증번호로 확인 가능합니다.  - 신선식품의 특성상 상품의 중량에 3% 내외의 차이가 발생할 수 있습니다.', 'https://img-cf.kurly.com/shop/data/goodsview/20180228/gv20000018677_1.jpg', 'https://img-cf.kurly.com/shop/data/goodsview/20180228/gv40000018673_1.jpg', '풀무원', 1, '2022-08-23 01:53:00', '1', '2022-08-23 01:53:00', '1'),
(45, '냉장 (종이포장)', '1팩', '50g', '', '농산물로 별도의 유통기한은 없으나 가급적 빠르게 드시기 바랍니다.', '국산', '- 식품 특성 상 약 3% 내외의 중량 차이가 있을 수 있습니다.', 'https://img-cf.kurly.com/shop/data/goodsview/20210624/gv20000196590_1.jpg', 'https://img-cf.kurly.com/shop/data/goodsview/20200512/gv00000095016_1.jpg', '열린식품', 1, '2022-08-23 01:53:38', '1', '2022-08-23 01:53:38', '1'),
(46, '냉장 (종이포장)', '1봉', '2~4입 / 800g 내외', '', '', '국내산', ' - 겨울철의 경우 재배과정에서 기존에 동그랗게 생긴 비트와 달리 길게 자라 생산농가에서 윗둥을 잘라논 것으로 선도에 문제가있는 상품은 아닙니다.  - 식품 특성상 중량은 3% 내외의 차이가 발생할 수 있습니다.  - 유기농 또는 무농약 인증을 받는 제품이므로, 수급 상황에 따라 인증 종류가 다를 수 있습니다.', 'https://img-cf.kurly.com/shop/data/goodsview/20210712/gv20000201758_1.jpg', 'https://img-cf.kurly.com/shop/data/goodsview/20170320/gv10000000959_1.jpg', '믿음야채', 1, '2022-08-23 01:54:00', '1', '2022-08-23 01:54:00', '1'),
(47, '냉장 (종이포장)', '1팩', '200g', '', '농산물이므로 별도의 유통기한은 없으나 가급적 빠르게 드시기 바랍니다.', '', '- 식품 특성상 중량은 3%내외의 차이가 발생할 수 있습니다.', 'https://img-cf.kurly.com/shop/data/goodsview/20211215/gv30000258471_1.jpg', 'https://img-cf.kurly.com/shop/data/goodsview/20180713/gv30000027199_1.jpg', '바른청과', 1, '2022-08-23 01:54:24', '1', '2022-08-23 01:54:24', '1'),
(48, '냉장 (종이포장)', '1봉', '200g', '', '농산물로 별도의 유통기한은 없으나 가급적 빠르게 드시기 바랍니다.', '국산', '- 식품 특성 상 약 3%내외의 중량 차이가 있을 수 있습니다.', 'https://img-cf.kurly.com/shop/data/goodsview/20210624/gv30000196594_1.jpg', 'https://img-cf.kurly.com/shop/data/goodsview/20191022/gv10000065405_1.jpg', '열린식품', 1, '2022-08-23 01:54:48', '1', '2022-08-23 01:54:48', '1'),
(49, '냉장 (종이포장)', '1봉', '150g', '', '신선식품으로 별도의 유통기한은 없으나 가급적 빠른 시일 내에 드시길 바랍니다.', '국산', ' - 신선식품으로 중량의 3% 내외의 차이가 있을 수 있습니다.  - 버섯류는 가급적 충분히 익혀서 드시기 바랍니다.', 'https://img-cf.kurly.com/shop/data/goodsview/20220120/gv40000269915_1.jpg', 'https://img-cf.kurly.com/shop/data/goodsview/20200304/gv10000083984_1.jpg', '단미네', 1, '2022-08-23 01:55:14', '1', '2022-08-23 01:55:14', '1'),
(50, ' 냉장 (종이포장)', ' 1팩', '120g', '', '농산물로 별도 유통기한은 없으나 가급적 빨리드시기 바랍니다', ' 국내산', '- 상품 특성상 3%내외의 중량차이가 발생할 수 있습니다.', 'https://img-cf.kurly.com/shop/data/goodsview/20210624/gv30000196589_1.jpg', 'https://img-cf.kurly.com/shop/data/goodsview/20200722/gv00000108871_1.jpg', '에크렌시아', 1, '2022-08-23 01:55:37', '1', '2022-08-23 01:55:37', '1'),
(51, '냉동 (종이포장)', '1봉', '600g', ' -이 제품은 계란, 우유, 메밀, 땅콩, 대두, 밀, 게, 새우, 고등어, 복숭아, 토마토, 돼지고기, 아황산류, 호두, 쇠고기, 닭고기, 오징어, 조개류(굴, 전복, 홍합 포함), 잣을 사용한 제품과 같은 제조시설에서 제조하고 있습니다.', ' 출고일 기준, 유통기한이 360일 이상 남은 상품을 보내드립니다.(총 유통기한 : 1090일)', '유럽(벨기에)', ' - 상품 특성 상 봉지 터짐으로 인한 파손을 막기 위해 포장봉지에 작은 숨구멍을 뚫어 놓았음을 알려 드립니다.', 'https://img-cf.kurly.com/shop/data/goodsview/20210701/gv20000199181_1.jpg', 'https://img-cf.kurly.com/shop/data/goodsview/20190513/gv10000049995_1.jpg', '열린식품', 1, '2022-08-23 01:56:02', '1', '2022-08-23 01:56:02', '1'),
(52, '냉장 (종이포장)', '1봉', '200g', '', '신선식품으로 별도의 유통기한은 없으나 가급적 빠른 시일내에 섭취하시길 바랍니다.', '국산', '- 상품 특성 상 약 3%이내 중량 차이가 있을 수 있습니다.', 'https://img-cf.kurly.com/shop/data/goodsview/20210624/gv10000196606_1.jpg', 'https://img-cf.kurly.com/shop/data/goodsview/20191022/gv10000065378_1.jpg', '신선우리', 1, '2022-08-23 01:56:25', '1', '2022-08-23 01:56:25', '1'),
(53, '냉장 (종이포장)', '1팩', '30g', '', '', '국내산', '- 식품 특성상 중량은 3% 내외의 차이가 발생할 수 있습니다.', 'https://img-cf.kurly.com/shop/data/goodsview/20220704/gv30000333629_1.jpg', 'https://img-cf.kurly.com/shop/data/goodsview/20170914/gv30000008560_1.jpg', '바른청과', 1, '2022-08-23 01:56:46', '1', '2022-08-23 01:56:46', '1'),
(54, '냉장 (종이포장)', '', '300g', '', '', '국내산', '', 'https://img-cf.kurly.com/shop/data/goodsview/20220519/gv00000317530_1.jpg', 'https://img-cf.kurly.com/shop/data/goodsview/20220519/gv40000317528_1.jpg', '바른이', 1, '2022-08-23 01:57:04', '1', '2022-08-23 01:57:04', '1'),
(55, '냉장 (종이포장)', '1통', '900g 내외', '', '농산물로 별도의 유통기한은 없으나 가급적 빨리 섭취를 권장드립니다.', '국내산', '- 신선식품의 특성상 상품의 중량의 3% 내외의 차이가 발생할 수 있습니다.', 'https://img-cf.kurly.com/shop/data/goodsview/20210618/gv20000194438_1.jpg', 'https://img-cf.kurly.com/shop/data/goodsview/20210618/gv30000194432_1.jpg', '믿음야채', 1, '2022-08-23 01:57:27', '1', '2022-08-23 01:57:27', '1'),
(56, '냉장 (종이포장)', '1망', '900g', '', '농산물로 정해진 유통기한은 없으나 가급적 빨리 섭취를 권장드립니다.', '국내산', '- 신선식품의 특성상 상품의 중량에 3% 차이가 발생할 수 있습니다.', 'https://img-cf.kurly.com/shop/data/goodsview/20220721/gv10000341691_1.jpg', 'https://img-cf.kurly.com/shop/data/goodsview/20220721/gv00000341686_1.jpg', '달콤과일', 1, '2022-08-23 01:57:52', '1', '2022-08-23 01:57:52', '1'),
(57, '냉장 (종이포장)', '1봉', '1개', '', '농산물로 정해진 유통기한은 없으나 가급적 빨리 섭취를 권장드립니다.', '국내산', ' - 신선식품의 특성상 상품의 중량에 3% 차이가 발생할 수 있습니다.  - 상품의 특성상, 겉표면이 샛노란 상품이 배송될 수 있습니다. 이는 원물의 후숙으로 인한 자연스러운 현상입니다.', 'https://img-cf.kurly.com/shop/data/goodsview/20220721/gv00000341764_1.jpg', 'https://img-cf.kurly.com/shop/data/goodsview/20220721/gv00000341761_1.jpg', '스윗푸드', 1, '2022-08-23 01:58:17', '1', '2022-08-23 01:58:17', '1'),
(58, '냉장 (종이포장)', '', '', '', '제조일로부터 3일 / 수령일 포함 최소 1일 남은 제품을 보내 드립니다', '국내산', ' - 식품 특성상 중량은 3% 내외의 차이가 발생할 수 있습니다.', 'https://img-cf.kurly.com/shop/data/goodsview/20220706/gv00000334686_1.jpg', 'https://img-cf.kurly.com/shop/data/goodsview/20220406/gv10000299876_1.jpg', '에이플러스', 0, '2022-08-23 01:58:44', '1', '2022-08-23 01:58:44', '1'),
(59, '냉장 (종이포장)', '1봉', '200g', '', '', '수입산', '- 신선식품의 특성상 상품의 중량의 3% 내외의 차이가 발생할 수 있습니다.', 'https://img-cf.kurly.com/shop/data/goodsview/20210420/gv00000174595_1.jpg', 'https://img-cf.kurly.com/shop/data/goodsview/20210312/gv00000164888_1.jpg', '스윗푸드', 0, '2022-08-23 01:59:44', '1', '2022-08-23 01:59:44', '1'),
(60, '냉장 (종이포장)', '1박스', '5kg내외', '', '농산물로 별도 유통기한은 없으나 가급적 빨리드시기 바랍니다.', '별도표기', ' - 상품특성상 3%내외의 중량차이가 있을 수 있습니다.  - 신선식품 특성상 원물마다 크기 및 형태가 일정하지 않을 수 있습니다.', 'https://img-cf.kurly.com/shop/data/goodsview/20210813/gv00000211751_1.jpg', 'https://img-cf.kurly.com/shop/data/goodsview/20200813/gv40000075982_1.jpg', '데브컬리', 0, '2022-08-23 02:00:11', '1', '2022-08-23 02:00:11', '1'),
(61, '냉장 (종이포장)', '1바구니', '10kg 내외', '', '농산물임으로 별도의 유통기한은 없으나 가급적 빨리 드시기 바랍니다.', '별도표기', ' - 상품특성상 3%내외의 중량차이가 있을 수 있습니다.  - 신선식품 특성상 원물마다 크기 및 형태가 일정하지 않을 수 있습니다.', 'https://img-cf.kurly.com/shop/data/goodsview/20210813/gv20000211734_1.jpg', 'https://img-cf.kurly.com/shop/data/goodsview/20200813/gv20000078183_1.jpg', '데브컬리', 0, '2022-08-23 02:00:34', '1', '2022-08-23 02:00:34', '1'),
(62, '냉장 (종이포장)', '1봉', '1.5kg', '', '신선식품으로 별도의 유통기한은 없으나 가급적 빠르게 드시기 바랍니다.', '국산', ' - 상품특성상 3%내외의 중량차이가 있을 수 있습니다.  - 신선식품 특성상 원물마다 크기 및 형태가 일정하지 않을 수 있습니다.', 'https://img-cf.kurly.com/shop/data/goodsview/20210720/gv00000203932_1.jpg', 'https://img-cf.kurly.com/shop/data/goodsview/20200807/gv10000112080_1.jpg', '딜라잇', 0, '2022-08-23 02:01:07', '1', '2022-08-23 02:01:07', '1'),
(63, '냉장 (종이포장)', '1팩', '400g 내외', '', '농산물이므로 별도의 유통기한은 없으나 가급적 빠르게 드시기 바랍니다.', '국산', ' - 상품특성상 3%내외의 중량차이가 있을 수 있습니다.  - 신선식품 특성상 원물마다 크기 및 형태가 일정하지 않을 수 있습니다.  - 복숭아는 최대한 신선하게 배송드리고자 당일 혹은 전일 수확한 상품을 배송해드립니다.  - 금주 수확한 복숭아는 산지 장마 영향으로 인하여 당도가 낮아질수 있습니다.', 'https://img-cf.kurly.com/shop/data/goodsview/20220808/gv00000404493_1.jpg', 'https://img-cf.kurly.com/shop/data/goodsview/20200807/gv40000112087_1.jpg', '데브컬리', 0, '2022-08-23 02:01:43', '1', '2022-08-23 02:01:43', '1'),
(64, '냉동 (종이포장)', '1박스', '20입', '', '', '국산', '', 'https://img-cf.kurly.com/shop/data/goodsview/20200810/gv00000112548_1.jpg', 'https://img-cf.kurly.com/shop/data/goodsview/20200810/gv10000112538_1.jpg', '스위프리', 0, '2022-08-23 02:16:41', '1', '2022-08-23 02:16:41', '1'),
(65, '냉장 (종이포장)', '1팩', '550g내외', '', '농산물이므로 별도의 유통기한은 없으나 가급적 빠르게 드시기 바랍니다.', '국산', '- 신선식품 특성상 원물마다 크기 및 형태가 일정하지 않을 수 있습니다.  - 상품특성상 3%내외의 중량차이가 있을 수 있습니다.', 'https://img-cf.kurly.com/shop/data/goodsview/20220721/gv30000341681_1.jpg', 'https://img-cf.kurly.com/shop/data/goodsview/20200907/gv10000119074_1.jpg', '딜라잇', 0, '2022-08-23 02:02:55', '1', '2022-08-23 02:02:55', '1'),
(66, '냉장 (종이포장)', '1박스', '1.1kg내외 / 3입', '', '농산물이므로 별도의 유통기한은 없으나 가급적 빠르게 드시기 바랍니다.', '국산', ' 신선식품 특성상 원물마다 크기 및 형태가 일정하지 않을 수 있습니다.  - 상품특성상 3%내외의 중량차이가 있을 수 있습니다.  - 두 군데 이상의 산지 운영으로 패키지가 상이할 수 있습니다. 다만 중량은 모두 동일한 점 구매에 참고 부탁드립니다.', 'https://img-cf.kurly.com/shop/data/goodsview/20210428/gv30000177675_1.jpg', 'https://img-cf.kurly.com/shop/data/goodsview/20210428/gv20000177670_1.jpg', '달콤과일', 0, '2022-08-23 02:03:22', '1', '2022-08-23 02:03:22', '1'),
(67, '냉장 (종이포장)', '1팩', '1kg 내외', '', ' 신선식품으로 별도의 유통기한은 없으나 구입 후 빠른 시일 내에 섭취 부탁드립니다', '국산', ' - 신선식품으로 중량에 3% 내외의 차이가 있을 수 있습니다.', 'https://img-cf.kurly.com/shop/data/goodsview/20220729/gv10000394667_1.jpg', 'https://img-cf.kurly.com/shop/data/goodsview/20210820/gv10000216899_1.jpg', '데브컬리', 0, '2022-08-23 02:03:50', '1', '2022-08-23 02:03:50', '1'),
(68, '냉장 (종이포장)', '1팩', '2개/ 600g내외', '', '농산물이므로 별도의 유통기한은 없으나 가급적 빠르게 드시기 바랍니다.', '국산', ' - 상품특성상 3%내외의 중량차이가 있을 수 있습니다.  - 신선식품 특성상 원물마다 크기 및 형태가 일정하지 않을 수 있습니다.  - 복숭아는 최대한 신선하게 배송드리고자 당일 혹은 전일 수확한 상품만을 판매합니다. 시세에 따라 가격이 변경될 수 있습니다.  - 금주 수확한 복숭아는 산지 장마 영향으로 인하여 당도가 낮아질수 있습니다.', 'https://img-cf.kurly.com/shop/data/goodsview/20210812/gv30000211254_1.jpg', 'https://img-cf.kurly.com/shop/data/goodsview/20210812/gv40000211252_1.jpg', '달콤과일', 1, '2022-08-23 02:04:17', '1', '2022-08-23 02:04:17', '1'),
(69, '냉장 (종이포장)', '1송이', '700g 내외', '', '신선식품으로 별도의 유통기한은 없으나 가급적 빠른 시일 내에 드시길 바랍니다', '국산', ' - 상품특성상 3%내외의 중량차이가 있을 수 있습니다.  - 신선식품 특성상 원물마다 크기 및 형태가 일정하지 않을 수 있습니다.  - 시즌 특성 상 선도가 좋지 않은 알맹이는 미리 손질 하고 보내드림을 알려 드리며 , 총 중량에는 변함이 없습니다', 'https://img-cf.kurly.com/shop/data/goodsview/20220718/gv30000340177_1.jpg', 'https://img-cf.kurly.com/shop/data/goodsview/20210913/gv20000226080_1.jpg', '스윗푸드', 1, '2022-08-23 02:04:42', '1', '2022-08-23 02:04:42', '1'),
(70, '냉장 (종이포장)', '', '500g 내외', '', '', '국산', ' - 신선식품 특성상 원물마다 크기 및 형태가 일정하지 않을 수 있습니다.  - 신선식품 특성상 3% 중량의 차이가 있을 수 있습니다.', 'https://img-cf.kurly.com/shop/data/goodsview/20220803/gv10000396183_1.jpg', 'https://img-cf.kurly.com/shop/data/goodsview/20220803/gv20000396181_1.jpg', '데브컬리', 1, '2022-08-23 02:05:05', '1', '2022-08-23 02:05:05', '1'),
(71, '냉장 (종이포장)', '1팩', ' 1.5kg 내외', '', ' 농산물이므로 별도의 유통기한은 없으나 가급적 빠르게 드시기 바랍니다.', '국산', ' - 식품 특성상 중량은 3% 내외의 차이가 발생할 수 있습니다.  - 신선식품 특성상 원물마다 크기 및 형태가 일정하지 않을 수 있습니다.  - 하우스 감귤 특성상 약간의 초록빛이 돌 수 있는 점으로 정상 상품인점 안내드립니다.', 'https://img-cf.kurly.com/shop/data/goodsview/20220801/gv00000394960_1.jpg', 'https://img-cf.kurly.com/shop/data/goodsview/20220801/gv10000394958_1.jpg', '스위프리', 1, '2022-08-23 02:05:31', '1', '2022-08-23 02:05:31', '1'),
(72, '냉장 (종이포장)', '1박스', '3kg 내외', '', ' 농산물이므로 별도의 유통기한은 없으나 가급적 빠르게 드시기 바랍니다.', '국산', ' - 식품 특성상 중량은 3% 내외의 차이가 발생할 수 있습니다.  - 신선식품 특성상 원물마다 크기 및 형태가 일정하지 않을 수 있습니다.  - 하우스 감귤 특성상 약간의 초록빛이 돌 수 있는 점으로 정상 상품인점 안내드립니다.', 'https://img-cf.kurly.com/shop/data/goodsview/20220801/gv00000394967_1.jpg', 'https://img-cf.kurly.com/shop/data/goodsview/20220801/gv00000394965_1.jpg', '스위프리', 1, '2022-08-23 02:06:01', '1', '2022-08-23 02:06:01', '1'),
(73, ' 상온 (종이포장)', '', '', '', '', ' 수입산', '', 'https://img-cf.kurly.com/shop/data/goodsview/20220426/gv00000306732_1.jpg', 'https://img-cf.kurly.com/shop/data/goodsview/20220426/gv30000306731_1.jpg', '스위프리', 1, '2022-08-23 02:06:41', '1', '2022-08-23 02:06:41', '1'),
(74, ' 상온 (종이포장)', '', '', '', '', ' 수입산', '', 'https://img-cf.kurly.com/shop/data/goodsview/20220426/gv20000306738_1.jpg', 'https://img-cf.kurly.com/shop/data/goodsview/20220426/gv30000306737_1.jpg', '이지투어', 1, '2022-08-23 02:07:01', '1', '2022-08-23 02:07:01', '1'),
(75, '상온 (종이포장)', '', '', '', '', '수입산', '', 'https://img-cf.kurly.com/shop/data/goodsview/20220426/gv00000306721_1.jpg', 'https://img-cf.kurly.com/shop/data/goodsview/20220426/gv10000306719_1.jpg', '데브컬리', 1, '2022-08-23 02:07:21', '1', '2022-08-23 02:07:21', '1'),
(76, ' 상온 (종이포장)', '', '', '', '', '수입산', '', 'https://img-cf.kurly.com/shop/data/goodsview/20220426/gv20000306725_1.jpg', 'https://img-cf.kurly.com/shop/data/goodsview/20220426/gv20000306724_1.jpg', '딜라잇', 1, '2022-08-23 02:07:41', '1', '2022-08-23 02:07:41', '1'),
(77, '냉장 (종이포장)', '', '', '', '', '국내산', '', 'https://img-cf.kurly.com/shop/data/goodsview/20220713/gv20000337732_1.jpg', 'https://img-cf.kurly.com/shop/data/goodsview/20220713/gv00000337731_1.jpg', '딜라잇', 1, '2022-08-23 02:07:58', '1', '2022-08-23 02:07:58', '1'),
(78, ' 냉장 (종이포장)', '', '', '', '', ' 국내산', '', 'https://img-cf.kurly.com/shop/data/goodsview/20220713/gv10000337749_1.jpg', 'https://img-cf.kurly.com/shop/data/goodsview/20220713/gv40000337740_1.jpg', '데브컬리', 1, '2022-08-23 02:08:28', '1', '2022-08-23 02:08:28', '1'),
(79, '상온 (종이포장)', '', '', '', '', '국내산', '', 'https://img-cf.kurly.com/shop/data/goodsview/20220427/gv20000307376_1.jpg', 'https://img-cf.kurly.com/shop/data/goodsview/20220426/gv40000306745_1.jpg', '스위프리', 1, '2022-08-23 02:08:51', '1', '2022-08-23 02:08:51', '1'),
(80, '상온 (종이포장)', '', '', '', '', '국내산', '', 'https://img-cf.kurly.com/shop/data/goodsview/20220622/gv20000329309_1.jpg', 'https://img-cf.kurly.com/shop/data/goodsview/20220622/gv40000329308_1.jpg', '데브컬리', 1, '2022-08-23 02:09:15', '1', '2022-08-23 02:09:15', '1'),
(81, '냉장 (종이포장)', '1봉', ' 4~7입/1.5kg', '', '농산물임으로 별도 유통기한은 없으나 가급적 빨리 드시길 바랍니다.', '', '- 상품특성상 3%내외의 중량차이가 있을 수 있습니다.  - 신선식품 특성상 원물마다 크기 및 형태가 일정하지 않을 수 있습니다.', 'https://img-cf.kurly.com/shop/data/goodsview/20220523/gv10000318634_1.jpg', 'https://img-cf.kurly.com/shop/data/goodsview/20210128/gv40000155291_1.jpg', '데브컬리', 1, '2022-08-23 02:09:52', '1', '2022-08-23 02:09:52', '1'),
(82, '냉장 (종이포장)', '1팩', '1kg', '', '농산물이므로 별도의 유통기한은 없으나 가급적 빠르게 드시기 바랍니다.', '국산', ' - 신선식품 특성상 원물마다 크기 및 형태가 일정하지 않을 수 있습니다.  - 상품특성상 3%내외의 중량차이가 있을 수 있습니다.  - 하우스 감귤 특성상 약간의 초록빛이 돌 수 있는 점으로 정상 상품인점 안내드립니다.', 'https://img-cf.kurly.com/shop/data/goodsview/20220516/gv10000315751_1.jpg', 'https://img-cf.kurly.com/shop/data/goodsview/20210312/gv20000164925_1.jpg', '[귤림원]', 1, '2022-08-23 02:10:19', '1', '2022-08-23 02:10:19', '1'),
(83, '냉장 (종이포장)', '1팩', '1.2kg 내외', '', '농산물로 별도의 유통기한은 없으나 가급적 빠르게 드시기 바랍니다.', '국산', '- 신선식품 특성상 원물마다 크기 및 형태가 일정하지 않을 수 있습니다.  - 상품특성상 3%내외의 중량차이가 있을 수 있습니다.  - 금주 수확한 복숭아는 산지 장마 영향으로 인하여 당도가 낮아질수 있습니다.  - 두 군데 이상의 산지 운영으로 패키지가 상이할 수 있습니다. 다만 중량과 크기는 모두 동일한 점 구매에 참고부탁드립니다', 'https://img-cf.kurly.com/shop/data/goodsview/20200623/gv00000103094_1.jpg', 'https://img-cf.kurly.com/shop/data/goodsview/20200623/gv40000028164_1.jpg', '[KF365]', 1, '2022-08-23 02:10:46', '1', '2022-08-23 02:10:46', '1'),
(84, '냉장 (종이포장)', '1팩', '500g', '', '농산물로 별도의 유통기한은 없으나 가급적 빠르게 드시기 바랍니다.', '국산', ' - 식품 특성상 중량은 3% 내외의 차이가 발생할 수 있습니다.  - 제철 적기에 따른 품질 균일화를 위해 수시로 산지를 변경하고 있습니다.', 'https://img-cf.kurly.com/shop/data/goodsview/20220801/gv00000395055_1.jpg', 'https://img-cf.kurly.com/shop/data/goodsview/20180911/gv10000031837_1.jpg', '[KF365]', 1, '2022-08-23 02:11:13', '1', '2022-08-23 02:11:13', '1'),
(85, '냉장 (종이포장)', '1팩', '750g', '', '농산물로 별도의 유통기한은 없으나 가급적 빠르게 드시기 바랍니다.', '국산', ' - 식품 특성 상 약 3%내외의 중량 차이가 있을 수 있습니다.  - 위 상품은 일반 등급 상품으로 산지 사정에 따라 GAP 인증표시가 없을 수 있습니다.', 'https://img-cf.kurly.com/shop/data/goodsview/20220801/gv30000395054_1.jpg', 'https://img-cf.kurly.com/shop/data/goodsview/20201230/gv40000147968_1.jpg', '스위프리', 1, '2022-08-23 02:11:37', '1', '2022-08-23 02:11:37', '1'),
(86, '냉장 (종이포장)', '1팩', '500g', '', '상품 별도 표기/ 최소 2일이상 남은 상품으로 배송 드립니다.', '토마토(국산)', '- 샤인마토는 스테비오사이드 처리 가공을 하기때문에 시즌에 따라 크기와 색깔이 시즌에 따라 조금씩 차이가 날 수 있습니다. 녹색빛이 돌아도 정상이오니 안심하고 섭취 부탁드립니다.  - 꼭 냉장보관을 권장 드립니다. 절대 실온 보관하지 말아주세요.  - 신선식품으로 3% 정도의 중량오차가 발생할 수 있습니다.', 'https://img-cf.kurly.com/shop/data/goodsview/20220819/gv20000411107_1.jpg', 'https://img-cf.kurly.com/shop/data/goodsview/20200622/gv30000081374_1.jpg', '데브컬리', 1, '2022-08-23 02:12:00', '1', '2022-08-23 02:12:00', '1'),
(87, '냉장 (종이포장)', '1팩', '100g 내외', '', '농산물이므로 별도의 유통기한은 없으나 최대한 빠르게 섭취하시기 바랍니다.', '', ' - 수급 상황에 따라 두곳 이상의 농장에서 수급 받고 있어 패키지 디자인이 상이 할 수 있습니다.  - 식품 특성상 중량은 3% 내외의 차이가 발생할 수 있습니다.  - 신선식품 특성상 원물마다 크기 및 형태가 일정하지 않을 수 있습니다.', 'https://img-cf.kurly.com/shop/data/goodsview/20220429/gv10000308635_1.jpg', 'https://img-cf.kurly.com/shop/data/goodsview/20210319/gv10000166065_1.jpg', '딜라잇', 1, '2022-08-23 02:12:29', '1', '2022-08-23 02:12:29', '1'),
(88, '냉장 (종이포장)', '1팩', '500g', '', '신선식품으로 별도의 유통기한은 없으나 가급적 빠른 시일 내에 드시길 바랍니다', '국산', '- 상품특성상 3%내외의 중량차이가 있을 수 있습니다.  - 신선식품 특성상 원물마다 크기 및 형태가 일정하지 않을 수 있습니다.  - 최대 구매 수량은 2개입니다.', 'https://img-cf.kurly.com/shop/data/goodsview/20220817/gv00000409002_1.jpg', 'https://img-cf.kurly.com/shop/data/goodsview/20210913/gv10000226287_1.jpg', '스윗볼', 1, '2022-08-23 02:12:58', '1', '2022-08-23 02:12:58', '1'),
(89, '냉장 (종이포장)', '1팩', ' 2kg', '', ' 농산물로 별도 유통기한은 없으나 가급적 빨리드시기 바랍니다.', ' 국산', ' - 식품 특성 상 약 3%내외의 중량 차이가 있을 수 있습니다.', 'https://img-cf.kurly.com/shop/data/goodsview/20220801/gv20000395056_1.jpg', 'https://img-cf.kurly.com/shop/data/goodsview/20180911/gv20000031833_1.jpg', '데브컬리', 1, '2022-08-23 02:13:23', '1', '2022-08-23 02:13:23', '1'),
(90, '냉장 (종이포장)', ' 1팩', ' 450g 내외', '', '농산물로 별도의 유통기한은 없으나 가급적 빠르게 드시기 바랍니다.', ' 국산', ' - 식품 특성 상 약 3% 내외의 중량 차이가 있을 수 있습니다.  - 배송중 충격으로 알이 떨어질 수 있습니다. 드시는데는 무방합니다만 이용이 불편하신 경우 고객행복센터로 연락 주시기 바랍니다.  - 신선식품 특성상 원물마다 크기 및 형태가 일정하지 않을 수 있습니다.', 'https://img-cf.kurly.com/shop/data/goodsview/20220525/gv40000319392_1.jpg', 'https://img-cf.kurly.com/shop/data/goodsview/20190722/gv00000056446_1.jpg', '딜라잇', 1, '2022-08-23 02:13:47', '1', '2022-08-23 02:13:47', '1'),
(91, ' 냉장 (종이포장)', '1팩', ' 500g', '', ' 농산물이므로 별도의 유통기한은 없으나 가급적 빠르게 섭취하시기 바랍니다.', ' 미국', '', 'https://img-cf.kurly.com/shop/data/goodsview/20210315/gv30000165188_1.jpg', 'https://img-cf.kurly.com/shop/data/goodsview/20190425/gv00000048571_1.jpg', '믿음야채', 1, '2022-08-23 02:14:10', '1', '2022-08-23 02:14:10', '1'),
(92, '냉장 (종이포장)', ' 1팩', ' 330g', '', ' 제조일로부터 3일', ' 국산', ' - 신선식품으로 중량에 3% 내외의 차이가 있을 수 있습니다.', 'https://img-cf.kurly.com/shop/data/goodsview/20220624/gv40000330702_1.jpg', 'https://img-cf.kurly.com/shop/data/goodsview/20200522/gv20000096783_1.jpg', '달콤과일', 1, '2022-08-23 02:14:37', '1', '2022-08-23 02:14:37', '1'),
(93, ' 냉동 (종이포장)', ' 1봉', ' 500g', '', ' 제품 별도 표기일까지', ' 국산', '', 'https://img-cf.kurly.com/shop/data/goodsview/20211118/gv10000244883_1.jpg', 'https://img-cf.kurly.com/shop/data/goodsview/20190918/gv40000062121_1.jpg', '스윗푸드', 1, '2022-08-23 02:15:13', '1', '2022-08-23 02:15:13', '1'),
(94, '상온 (종이포장)', ' 1박스', ' 135g*6종', ' -칼몬드: 밀, 대두 함유 -믹스너트: 땅콩, 대두, 호두 함유 -꿀땅콩: 밀, 땅콩 함유 -커피땅콩: 땅콩 함유 -허니로스티드땅콩: 땅콩 함유', '', '', '', 'https://img-cf.kurly.com/shop/data/goodsview/20211223/gv00000260864_1.jpg', 'https://img-cf.kurly.com/shop/data/goodsview/20211223/gv10000260722_1.jpg', '에이플러스', 0, '2022-08-23 02:15:42', '1', '2022-08-23 02:15:42', '1'),
(95, '냉장 (종이포장)', ' 1포', ' 4kg', '', ' 농산물로 정해진 유통기한은 없으나 가급적 빨리 섭취를 권장드립니다.', ' 국내산', ' - 상품 특성상 상품의 중량에 3% 차이가 발생할 수 있습니다.', 'https://img-cf.kurly.com/shop/data/goodsview/20220721/gv00000341732_1.jpg', 'https://img-cf.kurly.com/shop/data/goodsview/20220721/gv10000341702_1.jpg', '스윗푸드', 1, '2022-08-23 02:16:04', '1', '2022-08-23 02:16:04', '1'),
(96, '냉장 (종이포장)', '1팩', '500g', '', ' 당일 섭취 권장 / 장기 보관시 해감 후 냉동 보관', '국내산', ' - 산지 사정에 따라 예고없이 판매가격이 변동될 수 있습니다.  - 수령 후, 다른 용기로 옮겨 보관하는 것을 권장드립니다. 배송 과정 중 입을 벌린 채 죽은 바지락은 골라낸 후 보관해주세요. 배송 과정 환경에서 예민해진 바지락의 움직이 다소 둔화될 수 있으나, 정상품이오니 안심하시고 섭취하시기 바랍니다.', 'https://img-cf.kurly.com/shop/data/goodsview/20201120/gv10000136297_1.jpg', 'https://img-cf.kurly.com/shop/data/goodsview/20201120/gv40000136293_1.jpg', '삼삼해물', 0, '2022-08-24 10:41:59', '1', '2022-08-24 10:41:59', '1'),
(97, '냉장 (종이포장)', '1봉', '400g', '', '수령 후 가급적 빠른 섭취 부탁 드립니다', '국산', '- 산지 사정에 따라 예고없이 판매가격이 변동될 수 있습니다.', '', '', '씨클렘', 0, '2022-08-24 10:43:08', '1', '2022-08-24 10:43:08', '1'),
(98, '냉장 (종이포장)', '1봉', '400g', '', '수령 후 가급적 빠른 섭취 부탁 드립니다', '국산', '- 산지 사정에 따라 예고없이 판매가격이 변동될 수 있습니다.', 'https://img-cf.kurly.com/shop/data/goodsview/20210914/gv00000226562_1.jpg', 'https://img-cf.kurly.com/shop/data/goodsview/20210914/gv10000226558_1.jpg', '씨클렘', 1, '2022-08-24 11:07:48', '1', '2022-08-24 11:07:48', '1'),
(99, '냉장 (종이포장)', '1박스', '400g 내외', '- 이 제품은 고등어, 새우, 게, 오징어, 조개류(전복, 굴, 홍합 등)를 이용한 제품과 같은 제조시설에서 제조', '수령 후 가급적 빠른 섭취 부탁 드립니다', '국산', '', 'https://img-cf.kurly.com/shop/data/goodsview/20220614/gv40000326738_1.jpg', 'https://img-cf.kurly.com/shop/data/goodsview/20210803/gv10000208372_1.jpg', '바븐', 1, '2022-08-24 11:08:25', '1', '2022-08-24 11:08:25', '1'),
(100, '냉장 (종이포장)', '1팩', '240g 내외', '- 이 제품은 우유, 대두, 밀, 토마토, 조개류(홍합, 전복, 굴 포함)을 사용한 제품과 같은시설에서 제조', '출고일 기준, 유통기한 만기 3일 이상 남은 상품을 보내드립니다. (총유통기한 : 7일)', '국산', '', 'https://img-cf.kurly.com/shop/data/goodsview/20210217/gv00000158919_1.jpg', 'https://img-cf.kurly.com/shop/data/goodsview/20210217/gv40000158917_1.jpg', '삼삼물산', 1, '2022-08-24 11:09:01', '1', '2022-08-24 11:09:01', '1'),
(101, '냉장 (종이포장)', '1봉', '600g 내외', '', '수령 후 가급적 빠른 섭취 부탁 드립니다', '국산', '- 산지 사정에 따라 예고없이 판매가격이 변동될 수 있습니다.', '', '', '씨클렘', 1, '2022-08-24 11:09:25', '1', '2022-08-24 11:09:25', '1'),
(102, '냉장 (종이포장)', '1팩', '350g', '', '수령 후 가급적 빠른 섭취 부탁드립니다.', '국내산', ' - 산지 사정에 따라 예고없이 판매가격이 변동될수 있습니다.  - 계절과 산지 시황에 따라 가자미의 알의 포함 정도가 다를 수 있습니다.', 'https://img-cf.kurly.com/shop/data/goodsview/20210929/gv40000229886_1.jpg', 'https://img-cf.kurly.com/shop/data/goodsview/20200312/gv40000085307_1.jpg', '양포어장', 1, '2022-08-24 11:10:05', '1', '2022-08-24 11:10:05', '1'),
(103, '냉장 (종이포장)', '1팩', '250g 내외', '', '수령 후 가급적 빠른 섭취 부탁드립니다', '', '', 'https://img-cf.kurly.com/shop/data/goodsview/20220520/gv20000318022_1.jpg', 'https://img-cf.kurly.com/shop/data/goodsview/20200714/gv00000107132_1.jpg', '양포어장', 1, '2022-08-24 11:10:35', '1', '2022-08-24 11:10:35', '1'),
(104, '냉장 (종이포장)', '1팩', '250g', '- 이 제품은 새우, 오징어, 꽃게, 조개류(굴, 전복, 홍합 포함)를 사용한 제품과 같은 제조시설에서 제조', '수령 후 가급적 빠른 섭취 부탁드립니다', '', '', 'https://img-cf.kurly.com/shop/data/goodsview/20210830/gv00000220636_1.jpg', 'https://img-cf.kurly.com/shop/data/goodsview/20210830/gv20000220634_1.jpg', '윤슬', 1, '2022-08-24 11:11:07', '1', '2022-08-24 11:11:07', '1'),
(105, '냉장 (종이포장)', '1팩', '200g 내외', '', '당일 섭취 권장', '국산', ' - 산지 사정에 따라 예고없이 판매가격이 변동될 수 있습니다.  - 컨텐츠에 기재된 해감법을 참고하여 반드시 해감 후 이용 부탁드립니다.', 'https://img-cf.kurly.com/shop/data/goodsview/20201203/gv30000140256_1.jpg', 'https://img-cf.kurly.com/shop/data/goodsview/20181123/gv40000036654_1.jpg', '중앙씨푸드', 1, '2022-08-24 11:12:05', '1', '2022-08-24 11:12:05', '1'),
(106, '냉장 (종이포장)', '1팩', '200g 내외', '', '당일 섭취 권장', '국산', '- 산지 사정에 따라 예고없이 판매가격이 변동될 수 있습니다.', 'https://img-cf.kurly.com/shop/data/goodsview/20201203/gv00000140255_1.jpg', 'https://img-cf.kurly.com/shop/data/goodsview/20181123/gv10000036661_1.jpg', '중앙씨푸드', 1, '2022-08-24 11:12:40', '1', '2022-08-24 11:12:40', '1'),
(107, '냉장 (종이포장)', '1팩', '1kg 내외', '- 이 제품은 고등어, 새우, 게, 오징어, 조개류(굴, 전복, 홍합 등)를 이용한 제품과 같은 제조시설에서 제조', '수령 후 가급적 빠른 섭취 부탁드립니다.', '국산', '- 산지 사정에 따라 예고없이 판매가격이 변동될 수 있습니다.', 'https://img-cf.kurly.com/shop/data/goodsview/20210329/gv30000168023_1.jpg', 'https://img-cf.kurly.com/shop/data/goodsview/20210329/gv30000168016_1.jpg', '이호', 1, '2022-08-24 11:13:17', '1', '2022-08-24 11:13:17', '1'),
(108, '냉장 (종이포장)', '1마리', '500g 내외', '', '', '국산', ' - 산지 사정에 따라 예고없이 판매가격이 변동될 수 있습니다.  - 살아있는 신선한 문어를 선별하여 포장하며, 예민한 문어의 특성상 배송 과정 중에 먹물을 뿜고 기절할 수 있습니다. 섭취에는 무관하오니 구매에 참고 부탁드립니다.', 'https://img-cf.kurly.com/shop/data/goodsview/20211014/gv30000233847_1.jpg', 'https://img-cf.kurly.com/shop/data/goodsview/20181011/gv30000033273_1.jpg', '삼삼해물', 1, '2022-08-24 11:13:56', '1', '2022-08-24 11:13:56', '1'),
(109, '냉장 (종이포장)', '1팩', '300g 내외', ' - 이 제품은 고등어, 새우, 게, 오징어, 조개류(굴, 전복, 홍합 등)을 이용한 제품과 같은 제조시설에서 제조', ' 수령 후 가급적 빠른 섭취 부탁 드립니다.', '국산', ' - 산지 사정에 따라 예고없이 판매가격이 변동될 수 있습니다.', 'https://img-cf.kurly.com/shop/data/goodsview/20220420/gv40000304918_1.jpg', 'https://img-cf.kurly.com/shop/data/goodsview/20200921/gv00000122682_1.jpg', '이호', 1, '2022-08-24 11:14:32', '1', '2022-08-24 11:14:32', '1'),
(110, '냉장 (종이포장)', '1팩', '500g', '', '수령 후 가급적 빠른 섭취 부탁 드립니다.', '국산', '- 산지 사정에 따라 예고없이 판매가격이 변동될 수 있습니다.', 'https://img-cf.kurly.com/shop/data/goodsview/20211105/gv00000240106_1.jpg', 'https://img-cf.kurly.com/shop/data/goodsview/20211105/gv00000240104_1.jpg', '윤슬', 1, '2022-08-24 11:15:05', '1', '2022-08-24 11:15:05', '1'),
(111, '냉장 (종이포장)', '1팩', '1미(500g내외)', '', '수령 후 가급적 빠른 섭취 부탁 드립니다.', '국산', '- 산지 사정에 따라 예고없이 판매가격이 변동될 수 있습니다.', 'https://img-cf.kurly.com/shop/data/goodsview/20201117/gv10000135153_1.jpg', 'https://img-cf.kurly.com/shop/data/goodsview/20201102/gv40000131547_1.jpg', '이호', 1, '2022-08-24 11:15:37', '1', '2022-08-24 11:15:37', '1'),
(112, '안녕', '1박스', '250g 내외', '- 이 제품은 고등어, 새우, 게, 오징어, 조개류(전복, 굴, 홍합 등)를 이용한 제품과 같은 제조시설에서 제조', '수령 후 가급적 빠른 섭취 부탁 드립니다', '중국', '', 'https://img-cf.kurly.com/shop/data/goodsview/20220614/gv20000326737_1.jpg', 'https://img-cf.kurly.com/shop/data/goodsview/20210803/gv30000208355_1.jpg', '바븐', 1, '2022-08-24 11:16:27', '1', '2022-08-24 11:16:27', '1'),
(113, '냉장 (종이포장)', '1BOX', '600g/2미', '- 소스 : 우유, 대두, 밀, 토마토., 쇠고기 함유', '수령 후 가급적 빠른 섭취 부탁 드립니다', '국산', '', '', '안녕', '  ', 1, '2022-08-24 11:17:02', '1', '2022-08-24 11:17:02', '1'),
(114, '냉장 (종이포장)', '1팩', '350g 내외', '- 이 제품은 우유, 대두, 밀, 토마토, 조개류(홍합, 전복, 굴 포함)을 사용한 제품과 같은시설에서 제조', '출고일 기준, 유통기한 만기 3일 이상 남은 상품을 보내드립니다. (총유통기한 : 7일)', '국산', '', 'https://img-cf.kurly.com/shop/data/goodsview/20210217/gv00000158907_1.jpg', 'https://img-cf.kurly.com/shop/data/goodsview/20210217/gv20000158905_1.jpg', '삼삼물산', 1, '2022-08-24 11:17:31', '1', '2022-08-24 11:17:31', '1'),
(115, '', '', '', '', '', '', '', 'https://img-cf.kurly.com/shop/data/goodsview/20210217/gv20000158890_1.jpg', 'https://img-cf.kurly.com/shop/data/goodsview/20210217/gv00000158888_1.jpg', '삼삼물산', 1, '2022-08-24 11:18:02', '1', '2022-08-24 11:18:02', '1'),
(116, '냉장 (종이포장)', '1미', '250~300g 내외', '-이 제품은 게, 새우, 오징어, 고등어, 조개류(굴, 홍합, 전복 포함)를 사용한 제품과 같은 제조시설에서 제조', '수령 후 가급적 빠른 섭취 부탁드립니다', '국산', '- 산지 사정에 따라 예고없이 판매가격이 변동될 수 있습니다.', 'https://img-cf.kurly.com/shop/data/goodsview/20200626/gv30000103827_1.jpg', 'https://img-cf.kurly.com/shop/data/goodsview/20200630/gv10000103785_1.jpg', '이호', 1, '2022-08-24 11:18:37', '1', '2022-08-24 11:18:37', '1'),
(117, '냉동 (종이포장)', '1봉', '60g 내외 X 20마리', 'jj', '수령일 포함 최소 180일 남은 제품을 보내 드립니다 (총 유통기한 365일)', 'kk', 'oo', 'https://img-cf.kurly.com/shop/data/goodsview/20220701/gv40000333096_1.jpg', NULL, 'KF365', 0, '2022-08-24 11:19:06', '1', '2022-08-24 11:19:06', '1'),
(118, ' 냉동 (종이포장)', ' 1팩', ' 2미', ' - 이 제품은 오징어, 새우, 고등어를 사용한 제품과 같은 제조시설에서 포장', '수령일 포함 170일이상 남은 제품을 보내 드립니다. (총 유통기한 720일)', ' 캐나다산', '', 'https://img-cf.kurly.com/shop/data/goodsview/20211123/gv40000247334_1.jpg', 'https://img-cf.kurly.com/shop/data/goodsview/20211123/gv30000247331_1.jpg', '블루', 1, '2022-08-31 13:18:17', '1', '2022-08-31 13:18:17', '1'),
(119, '냉장 (종이포장)', '1팩', '400g(10~12미)', ' - 이 제품은 게, 새우, 오징어, 고등어, 조개류(굴, 홍합, 전복 등)를 사용한 제품과 같은 제조시설에서 제조', '수령 후 가급적 빠른 섭취 부탁 드립니다.', '국산', '', 'https://img-cf.kurly.com/shop/data/goodsview/20201023/gv10000129448_1.jpg', 'https://img-cf.kurly.com/shop/data/goodsview/20201023/gv30000129444_1.jpg', '이호', 1, '2022-08-31 13:19:15', '1', '2022-08-31 13:19:15', '1'),
(120, '냉동 (종이포장)', '1박스', '1.2kg / 20~24미', '- 새우, 아황산류(메타중아황산나트륨) 함유', '수령일 포함 최소 180일 남은 제품을 보내 드립니다 (총 유통기한 365일)', '아르헨티나산', '', 'https://img-cf.kurly.com/shop/data/goodsview/20220105/gv10000264829_1.jpg', 'https://img-cf.kurly.com/shop/data/goodsview/20220105/gv10000264824_1.jpg', '김영준', 0, '2022-08-31 13:20:12', '1', '2022-08-31 13:20:12', '1'),
(121, '냉동 (종이포장)', '1팩', '800g', '- 새우 함유', '수령일 포함 최소 180일 남은 제품을 보내 드리빈다 (총 유통기한 365일)', '베트남산', '', 'https://img-cf.kurly.com/shop/data/goodsview/20220823/gv20000412755_1.jpg', 'https://img-cf.kurly.com/shop/data/goodsview/20220823/gv10000412753_1.jpg', '김영준', 1, '2022-08-31 13:21:01', '1', '2022-08-31 13:21:01', '1'),
(122, '냉장 (종이포장)', '1팩', '800g', '- 새우 함유', ' 수령일 포함 최소 180일 남은 제품을 보내 드립니다 (총 유통기한 365일)', '베트남산', '', 'https://img-cf.kurly.com/shop/data/goodsview/20220823/gv40000412763_1.jpg', 'https://img-cf.kurly.com/shop/data/goodsview/20220823/gv10000412761_1.jpg', '김영준', 1, '2022-08-31 13:21:55', '1', '2022-08-31 13:21:55', '1'),
(123, ' 냉장 (종이포장)', '1팩', '150g', '', '수령일 포함 최소 125일 남은 제품을 보내 드리빈다 (총 유통기한 365일)', '국산', '', 'https://img-cf.kurly.com/shop/data/goodsview/20220824/gv30000413785_1.jpg', 'https://img-cf.kurly.com/shop/data/goodsview/20220824/gv10000413783_1.jpg', '수산곳간', 0, '2022-08-31 13:22:34', '1', '2022-08-31 13:22:34', '1'),
(124, '냉동 (종이포장)', '1팩', '200g', ' -새우 함유', '출고일 기준, 유통기한 만기 365일 이상 남은 상품을 보내드립니다. (총유통기한 : 730일)', '베트남산', '', 'https://img-cf.kurly.com/shop/data/goodsview/20210831/gv10000221274_1.jpg', 'https://img-cf.kurly.com/shop/data/goodsview/20200626/gv10000103828_1.jpg', '우주', 0, '2022-08-31 13:23:24', '1', '2022-08-31 13:23:24', '1'),
(125, '냉동 (종이포장)', '1팩', '300g 내외', '', '', '베트남산', '', 'https://img-cf.kurly.com/shop/data/goodsview/20200522/gv40000096853_1.jpg', 'https://img-cf.kurly.com/shop/data/goodsview/20181119/gv30000036296_1.jpg', 'Sea to Table', 1, '2022-08-31 13:24:15', '1', '2022-08-31 13:24:15', '1'),
(126, '냉동 (종이포장)', '1팩', '200g 내외', '- 새우 함유', '출고일 기준, 유통기한 만기 365일 이상 남은 상품을 보내드립니다. (총유통기한 : 730일)', '베트남', '- 해당 상품은 소금과 폴리인산나트륨을 물에 섞어서 2시간 넣어둔 이후에 얼음물에 담근후 급속냉동합니다. 새우의 선도 유지 및 위생을 위해 필요한 침지 과정인 점 안내드립니다.', 'https://img-cf.kurly.com/shop/data/goodsview/20200522/gv30000096852_1.jpg', 'https://img-cf.kurly.com/shop/data/goodsview/20180910/gv40000031740_1.jpg', 'Sea to Table', 0, '2022-08-31 13:25:21', '1', '2022-08-31 13:25:21', '1'),
(127, '냉동 (종이포장)', '1팩', '200g', '', '', '', '', 'https://img-cf.kurly.com/shop/data/goodsview/20200820/gv40000115077_1.jpg', 'https://img-cf.kurly.com/shop/data/goodsview/20200820/gv40000115073_1.jpg', 'Sea to Table', 0, '2022-08-31 13:25:57', '1', '2022-08-31 13:25:57', '1'),
(128, '냉동 (종이포장)', '1팩', '300g', '', '수령일 포함 최소 250일 남은 제품을 보내 드립니다 (총 유통기한 730일)', '아르헨티나산', '', 'https://img-cf.kurly.com/shop/data/goodsview/20220106/gv00000265075_1.jpg', 'https://img-cf.kurly.com/shop/data/goodsview/20220106/gv20000265073_1.jpg', '김영준', 1, '2022-08-31 13:26:46', '1', '2022-08-31 13:26:46', '1'),
(134, '상온 (종이포장)', '1묶음', '250mL*6', '우유, 메밀, 땅콩, 복숭아, 토마토, 호두, 잣을 사용한 제품과 같은 시설에서 제조', '', '', '', 'https://img-cf.kurly.com/shop/data/goodsview/20210927/gv30000229237_1.jpg', 'https://img-cf.kurly.com/shop/data/goodsview/20210927/gv30000229233_1.jpg', '펩시', 1, '2022-09-01 13:18:45', '1', '2022-09-01 13:18:45', '1');

-- --------------------------------------------------------

--
-- 테이블 구조 `PRODUCT_TAG_TB`
--

CREATE TABLE `PRODUCT_TAG_TB` (
  `tag_id` int(11) NOT NULL COMMENT 'AUTO_INCREMENT',
  `pdt_id` int(11) NOT NULL COMMENT 'AUTO_INCREMENT',
  `in_date` datetime NOT NULL DEFAULT current_timestamp(),
  `in_user` varchar(30) NOT NULL,
  `up_date` datetime NOT NULL DEFAULT current_timestamp(),
  `up_user` varchar(30) NOT NULL
) ENGINE=InnoDB DEFAULT CHARSET=utf8;

--
-- 테이블의 덤프 데이터 `PRODUCT_TAG_TB`
--

INSERT INTO `PRODUCT_TAG_TB` (`tag_id`, `pdt_id`, `in_date`, `in_user`, `up_date`, `up_user`) VALUES
(1, 23, '2022-08-16 05:46:24', '최형민', '2022-08-16 05:46:24', '최형민'),
(2, 25, '2022-08-16 09:05:26', '김형민', '2022-08-16 09:05:26', '김형민'),
(3, 26, '2022-08-16 09:05:26', '박형민', '2022-08-16 09:05:26', '박형민'),
(4, 27, '2022-08-16 09:05:26', '최형민', '2022-08-16 09:05:26', '최형민'),
(5, 28, '2022-08-16 09:05:26', '김형민', '2022-08-16 09:05:26', '김형민'),
(6, 29, '2022-08-16 09:05:26', '김형민', '2022-08-16 09:05:26', '김형민'),
(7, 30, '2022-08-16 09:05:27', '김형민', '2022-08-16 09:05:27', '김형민'),
(8, 31, '2022-08-16 09:05:27', '김형민', '2022-08-16 09:05:27', '김형민'),
(9, 32, '2022-08-16 09:05:27', '김형민', '2022-08-16 09:05:27', '김형민'),
(10, 33, '2022-08-16 09:05:27', '김형민', '2022-08-16 09:05:27', '김형민'),
(11, 34, '2022-08-16 09:05:27', '김형민', '2022-08-16 09:05:27', '김형민'),
(12, 35, '2022-08-16 09:05:27', '최형민', '2022-08-16 09:05:27', '최형민'),
(13, 36, '2022-08-16 09:05:27', '최형민', '2022-08-16 09:05:27', '최형민'),
(14, 37, '2022-08-16 09:05:27', '최형민', '2022-08-16 09:05:27', '최형민'),
(15, 38, '2022-08-16 09:05:27', '최형민', '2022-08-16 09:05:27', '최형민'),
(16, 39, '2022-08-16 09:05:27', '최형민', '2022-08-16 09:05:27', '최형민'),
(17, 40, '2022-08-16 09:05:27', '최형민', '2022-08-16 09:05:27', '최형민'),
(18, 41, '2022-08-17 05:34:39', '최형민', '2022-08-17 05:34:39', '최형민'),
(19, 42, '2022-08-17 05:34:39', '최형민', '2022-08-17 05:34:39', '최형민'),
(20, 43, '2022-08-17 05:34:39', '최형민', '2022-08-17 05:34:39', '최형민'),
(21, 44, '2022-08-17 05:34:39', '최형민', '2022-08-17 05:34:39', '최형민'),
(22, 45, '2022-08-17 05:34:39', '최형민', '2022-08-17 05:34:39', '최형민'),
(23, 46, '2022-08-17 05:34:39', '최형민', '2022-08-17 05:34:39', '최형민'),
(24, 47, '2022-08-17 05:34:39', '최형민', '2022-08-17 05:34:39', '최형민'),
(25, 48, '2022-08-19 02:47:44', '김형민', '2022-08-19 02:47:44', '김형민'),
(26, 49, '2022-08-19 02:47:44', '김형민', '2022-08-19 02:47:44', '김형민'),
(27, 50, '2022-08-19 02:47:44', '김형민', '2022-08-19 02:47:44', '김형민'),
(28, 51, '2022-08-19 02:47:44', '김형민', '2022-08-19 02:47:44', '김형민'),
(29, 52, '2022-08-19 02:47:44', '김형민', '2022-08-19 02:47:44', '김형민'),
(30, 53, '2022-08-19 02:47:44', '김형민', '2022-08-19 02:47:44', '김형민'),
(31, 54, '2022-08-19 02:47:44', '김형민', '2022-08-19 02:47:44', '김형민'),
(32, 55, '2022-08-19 02:47:44', '최형민', '2022-08-19 02:47:44', '최형민'),
(33, 56, '2022-08-22 05:55:39', '최형민', '2022-08-22 05:55:39', '최형민'),
(34, 57, '2022-08-22 05:55:39', '김형민', '2022-08-22 05:55:39', '김형민'),
(35, 58, '2022-08-22 05:55:39', '박형민', '2022-08-22 05:55:39', '박형민'),
(36, 59, '2022-08-22 05:55:39', '최형민', '2022-08-22 05:55:39', '최형민'),
(37, 60, '2022-08-22 05:55:39', '김형민', '2022-08-22 05:55:39', '김형민'),
(38, 61, '2022-08-22 05:55:39', '김형민', '2022-08-22 05:55:39', '김형민'),
(39, 62, '2022-08-22 05:55:39', '김형민', '2022-08-22 05:55:39', '김형민'),
(40, 63, '2022-08-22 05:55:39', '김형민', '2022-08-22 05:55:39', '김형민'),
(41, 64, '2022-08-22 05:55:39', '김형민', '2022-08-22 05:55:39', '김형민'),
(42, 65, '2022-08-22 05:55:39', '김형민', '2022-08-22 05:55:39', '김형민'),
(43, 66, '2022-08-22 05:55:39', '김형민', '2022-08-22 05:55:39', '김형민'),
(44, 67, '2022-08-22 05:55:39', '최형민', '2022-08-22 05:55:39', '최형민'),
(45, 68, '2022-08-22 05:55:39', '최형민', '2022-08-22 05:55:39', '최형민'),
(46, 69, '2022-08-22 05:55:39', '최형민', '2022-08-22 05:55:39', '최형민'),
(47, 70, '2022-08-22 05:55:39', '최형민', '2022-08-22 05:55:39', '최형민'),
(48, 71, '2022-08-22 05:55:39', '최형민', '2022-08-22 05:55:39', '최형민'),
(49, 72, '2022-08-22 05:55:40', '최형민', '2022-08-22 05:55:40', '최형민'),
(50, 73, '2022-08-22 05:55:40', '최형민', '2022-08-22 05:55:40', '최형민'),
(51, 74, '2022-08-22 05:55:40', '최형민', '2022-08-22 05:55:40', '최형민'),
(52, 75, '2022-08-22 05:55:40', '최형민', '2022-08-22 05:55:40', '최형민'),
(53, 76, '2022-08-22 05:55:40', '최형민', '2022-08-22 05:55:40', '최형민'),
(54, 77, '2022-08-22 05:55:40', '최형민', '2022-08-22 05:55:40', '최형민'),
(55, 78, '2022-08-22 05:55:40', '최형민', '2022-08-22 05:55:40', '최형민'),
(56, 79, '2022-08-22 05:55:40', '최형민', '2022-08-22 05:55:40', '최형민'),
(57, 80, '2022-08-22 05:55:40', '김형민', '2022-08-22 05:55:40', '김형민'),
(58, 81, '2022-08-22 05:55:40', '김형민', '2022-08-22 05:55:40', '김형민'),
(59, 82, '2022-08-22 05:55:40', '김형민', '2022-08-22 05:55:40', '김형민'),
(60, 83, '2022-08-22 05:55:40', '김형민', '2022-08-22 05:55:40', '김형민'),
(61, 84, '2022-08-22 05:55:40', '김형민', '2022-08-22 05:55:40', '김형민'),
(62, 85, '2022-08-22 05:55:40', '김형민', '2022-08-22 05:55:40', '김형민'),
(63, 86, '2022-08-22 05:55:40', '김형민', '2022-08-22 05:55:40', '김형민'),
(64, 87, '2022-08-22 05:55:40', '최형민', '2022-08-22 05:55:40', '최형민'),
(65, 88, '2022-08-22 05:55:40', '최형민', '2022-08-22 05:55:40', '최형민'),
(66, 89, '2022-08-22 05:55:40', '김형민', '2022-08-22 05:55:40', '김형민'),
(67, 90, '2022-08-22 05:55:40', '박형민', '2022-08-22 05:55:40', '박형민'),
(68, 91, '2022-08-22 05:55:40', '최형민', '2022-08-22 05:55:40', '최형민'),
(69, 92, '2022-08-22 05:55:40', '김형민', '2022-08-22 05:55:40', '김형민'),
(70, 93, '2022-08-22 05:55:40', '김형민', '2022-08-22 05:55:40', '김형민'),
(71, 94, '2022-08-22 05:55:40', '김형민', '2022-08-22 05:55:40', '김형민'),
(72, 95, '2022-08-22 05:55:40', '김형민', '2022-08-22 05:55:40', '김형민'),
(73, 96, '2022-08-22 05:55:40', '김형민', '2022-08-22 05:55:40', '김형민'),
(74, 97, '2022-08-22 05:55:40', '김형민', '2022-08-22 05:55:40', '김형민'),
(75, 98, '2022-08-22 05:55:40', '김형민', '2022-08-22 05:55:40', '김형민'),
(76, 99, '2022-08-22 05:55:40', '최형민', '2022-08-22 05:55:40', '최형민'),
(77, 100, '2022-08-22 05:55:40', '최형민', '2022-08-22 05:55:40', '최형민'),
(78, 101, '2022-08-22 05:55:40', '최형민', '2022-08-22 05:55:40', '최형민'),
(79, 102, '2022-08-22 05:55:40', '최형민', '2022-08-22 05:55:40', '최형민'),
(80, 103, '2022-08-22 05:55:40', '최형민', '2022-08-22 05:55:40', '최형민'),
(81, 104, '2022-08-22 05:55:40', '최형민', '2022-08-22 05:55:40', '최형민'),
(82, 105, '2022-08-22 05:55:40', '최형민', '2022-08-22 05:55:40', '최형민'),
(83, 106, '2022-08-22 05:55:40', '최형민', '2022-08-22 05:55:40', '최형민'),
(84, 107, '2022-08-22 05:55:40', '최형민', '2022-08-22 05:55:40', '최형민'),
(85, 108, '2022-08-22 05:55:40', '최형민', '2022-08-22 05:55:40', '최형민'),
(86, 109, '2022-08-22 05:55:40', '최형민', '2022-08-22 05:55:40', '최형민'),
(87, 110, '2022-08-22 05:55:40', '최형민', '2022-08-22 05:55:40', '최형민'),
(88, 111, '2022-08-22 05:55:41', '최형민', '2022-08-22 05:55:41', '최형민'),
(89, 112, '2022-08-22 05:55:41', '김형민', '2022-08-22 05:55:41', '김형민'),
(90, 113, '2022-08-22 05:55:41', '김형민', '2022-08-22 05:55:41', '김형민'),
(91, 114, '2022-08-22 05:55:41', '김형민', '2022-08-22 05:55:41', '김형민'),
(92, 115, '2022-08-22 05:55:41', '김형민', '2022-08-22 05:55:41', '김형민'),
(93, 116, '2022-08-22 05:55:41', '김형민', '2022-08-22 05:55:41', '김형민'),
(94, 117, '2022-08-22 05:55:41', '김형민', '2022-08-22 05:55:41', '김형민'),
(95, 118, '2022-08-22 05:55:41', '김형민', '2022-08-22 05:55:41', '김형민'),
(96, 119, '2022-08-22 05:55:41', '최형민', '2022-08-22 05:55:41', '최형민'),
(97, 120, '2022-08-22 05:55:41', '최형민', '2022-08-22 05:55:41', '최형민'),
(98, 121, '2022-08-22 05:55:41', '김형민', '2022-08-22 05:55:41', '김형민'),
(99, 122, '2022-08-22 05:55:41', '김형민', '2022-08-22 05:55:41', '김형민'),
(100, 123, '2022-08-31 12:42:32', '김형민', '2022-08-31 12:42:32', '최형민'),
(101, 124, '2022-08-31 12:42:32', '최형민', '2022-08-31 12:42:32', '최형민'),
(102, 125, '2022-08-31 12:42:32', '최형민', '2022-08-31 12:42:32', '김형민'),
(103, 126, '2022-08-31 12:42:33', '김형민', '2022-08-31 12:42:33', '김형민'),
(104, 127, '2022-08-31 12:42:33', '김형민', '2022-08-31 12:42:33', '전과30범정여경'),
(105, 128, '2022-08-31 12:42:33', '김형민', '2022-08-31 12:42:33', '박채훈'),
(106, 129, '2022-08-31 22:57:46', '김형민', '2022-08-31 22:57:46', '김형민'),
(107, 130, '2022-08-31 22:57:46', '김형민', '2022-08-31 22:57:46', '김형민'),
(108, 131, '2022-09-01 00:03:01', '김형민', '2022-09-01 00:03:01', '김형민'),
(109, 132, '2022-09-01 00:03:01', '김형민', '2022-09-01 00:03:01', '김형민'),
(110, 133, '2022-09-01 00:03:01', '김형민', '2022-09-01 00:03:01', '김형민'),
(111, 134, '2022-09-01 00:03:01', '김형민', '2022-09-01 00:03:01', '김형민'),
(112, 135, '2022-09-01 00:03:01', '김형민', '2022-09-01 00:03:01', '김형민'),
(113, 136, '2022-09-01 00:03:01', '김형민', '2022-09-01 00:03:01', '김형민'),
(114, 137, '2022-09-01 00:03:01', '김형민', '2022-09-01 00:03:01', '김형민'),
(115, 138, '2022-09-01 00:03:01', '김형민', '2022-09-01 00:03:01', '김형민'),
(116, 139, '2022-09-01 00:03:01', '김형민', '2022-09-01 00:03:01', '김형민'),
(117, 140, '2022-09-01 00:03:01', '김형민', '2022-09-01 00:03:01', '김형민'),
(118, 141, '2022-09-01 00:03:01', '김형민', '2022-09-01 00:03:01', '김형민'),
(119, 142, '2022-09-01 00:03:02', '김형민', '2022-09-01 00:03:02', '김형민');

-- --------------------------------------------------------

--
-- 테이블 구조 `PRODUCT_TB`
--

CREATE TABLE `PRODUCT_TB` (
  `pdt_id` int(11) NOT NULL COMMENT 'AUTO_INCREMENT',
  `price` int(11) NOT NULL DEFAULT 0,
  `image` varchar(255) NOT NULL DEFAULT 'dd',
  `ds_rate` int(11) NOT NULL DEFAULT 0,
  `sel_price` int(11) NOT NULL DEFAULT 0,
  `title` varchar(50) NOT NULL DEFAULT 'hi',
  `sub_title` varchar(50) NOT NULL DEFAULT 'hello',
  `rec_info` varchar(50) DEFAULT NULL,
  `adt_sts` tinyint(1) NOT NULL DEFAULT 0,
  `stock` int(11) NOT NULL DEFAULT 0,
  `in_date` datetime NOT NULL DEFAULT current_timestamp(),
  `in_user` varchar(30) NOT NULL DEFAULT 'goodboy',
  `up_date` datetime NOT NULL DEFAULT current_timestamp(),
  `up_user` varchar(30) NOT NULL DEFAULT 'badboy',
  `sales_rate` int(11) NOT NULL DEFAULT 50,
  `company` varchar(50) DEFAULT NULL,
  `de_type` tinyint(1) NOT NULL
) ENGINE=InnoDB DEFAULT CHARSET=utf8;

--
-- 테이블의 덤프 데이터 `PRODUCT_TB`
--

INSERT INTO `PRODUCT_TB` (`pdt_id`, `price`, `image`, `ds_rate`, `sel_price`, `title`, `sub_title`, `rec_info`, `adt_sts`, `stock`, `in_date`, `in_user`, `up_date`, `up_user`, `sales_rate`, `company`, `de_type`) VALUES
(25, 3990, 'https://img-cf.kurly.com/cdn-cgi/image/width=676,format=auto/shop/data/goods/1538731815944l0.jpg', 20, 3192, '친환경 노루궁뎅이 버섯 160g', '귀여운 모양, 야무진 쓰임새', 'ok', 0, 10, '2022-08-13 14:26:38', 'good', '2022-08-13 14:26:38', 'chicken', 50, '바른청과', 2),
(26, 3990, 'https://img-cf.kurly.com/cdn-cgi/image/width=676,format=auto/shop/data/goods/1653038277981l0.jpeg', 30, 2793, '친환경 애호박 1개', '구워 먹어도 나물로 무쳐 먹어도 맛있는 만능 채소 애호박 (1개)', 'ok', 0, 10, '2022-08-13 14:26:38', 'good', '2022-08-13 14:26:38', 'chicken', 19, '열린식품', 1),
(27, 3490, 'https://img-cf.kurly.com/cdn-cgi/image/width=676,format=auto/shop/data/goods/1592799489859l0.jpg', 10, 3141, '친환경 미니 밤호박', '작아서 더 꿀맛', 'ok', 0, 10, '2022-08-13 14:26:38', 'good', '2022-08-13 14:26:38', 'chicken', 20, '단미네', 0),
(28, 3690, 'https://img-cf.kurly.com/cdn-cgi/image/width=676,format=auto/shop/data/goods/1653038027985l0.jpeg', 10, 3321, '친환경 감자 600g', '어떤 음식을 해도 잘 어울리는 무농약 감자', 'ok', 0, 10, '2022-08-13 14:26:38', 'good', '2022-08-13 14:26:38', 'chicken', 50, '에크렌시아', 0),
(29, 4990, 'https://img-cf.kurly.com/cdn-cgi/image/width=676,format=auto/shop/data/goods/1557727941671l0.jpg', 10, 4491, '유기농 채소믹스 600g (냉동)', '손질이 필요없는 간편한 유기농 채소믹스(1봉/600g)', 'ok', 0, 10, '2022-08-13 14:26:39', 'good', '2022-08-13 14:26:39', 'chicken', 18, 'ardo', 0),
(30, 4990, 'https://img-cf.kurly.com/cdn-cgi/image/width=676,format=auto/shop/data/goods/155772422419l0.jpg', 20, 3992, '유기농 그린빈 600g (냉동)', '냉동이라 부담없이 필요할 때 꺼내쓰는 유기농 그린빈(1봉/600g)', 'ok', 0, 10, '2022-08-13 14:26:39', 'good', '2022-08-13 14:26:39', 'chicken', 17, 'ardo', 0),
(31, 7990, 'https://img-cf.kurly.com/cdn-cgi/image/width=676,format=auto/shop/data/goods/1605508215818l0.jpg', 10, 7191, '영암 친환경 꿀고구마 1kg', '건강하게 즐기는 진한 달콤함', 'ok', 0, 10, '2022-08-13 14:26:39', 'good', '2022-08-13 14:26:39', 'chicken', 16, '풀무원', 0),
(32, 3990, 'https://img-cf.kurly.com/cdn-cgi/image/width=676,format=auto/shop/data/goods/1608190610850l0.jpg', 10, 3591, '친환경 세척 당근 500g', '손쉽게 사용하는 주황빛 채소', 'ok', 0, 10, '2022-08-13 14:26:39', 'good', '2022-08-13 14:26:39', 'chicken', 15, '바른이', 0),
(33, 5990, 'https://img-cf.kurly.com/cdn-cgi/image/width=676,format=auto/shop/data/goods/1604293150266l0.jpg', 10, 5391, '유기농 깐마늘 200g', '유기농으로 건강하게 자란 마늘', 'ok', 0, 10, '2022-08-13 14:26:39', 'good', '2022-08-13 14:26:39', 'chicken', 14, '믿음야채', 0),
(34, 6290, 'https://img-cf.kurly.com/cdn-cgi/image/width=676,format=auto/shop/data/goods/1572227699701l0.jpg', 20, 5032, '유기농 브로콜리 600g (냉동)', '필요한만큼 꺼내쓰는 편리한 유기농 브로콜리', 'ok', 0, 10, '2022-08-13 14:26:39', 'good', '2022-08-14 19:41:41', 'chicken', 13, 'ardo', 0),
(35, 12900, 'https://img-cf.kurly.com/cdn-cgi/image/width=676,format=auto/shop/data/goods/1637922197252l0.jpeg', 10, 11610, '유기농 달수 고구마 1.5kg', '고구마의 달콤한 변신 햇고구마(1박스 1.5kg)', 'ok', 0, 10, '2022-08-13 14:26:39', 'good', '2022-08-13 14:26:39', 'chicken', 12, '열린식품', 0),
(36, 4990, 'https://img-cf.kurly.com/cdn-cgi/image/width=676,format=auto/shop/data/goods/1598336948521l0.jpg', 10, 4491, '유기농 양파 1.5kg', '건강하게 누리는 단골 식재료', 'ok', 0, 10, '2022-08-13 14:26:40', 'good', '2022-08-13 14:26:40', 'chicken', 60, '단미네', 0),
(37, 2190, 'https://img-cf.kurly.com/cdn-cgi/image/width=676,format=auto/shop/data/goods/1470792844287l0.jpg', 10, 1971, '유기농 케일 (즙용)300g', '유기농 케일로 건강한 하루를 시작하세요(300g)', 'ok', 0, 10, '2022-08-13 14:26:40', 'good', '2022-08-13 14:26:40', 'chicken', 99, '에크렌시아', 1),
(38, 5190, 'https://img-cf.kurly.com/cdn-cgi/image/width=676,format=auto/shop/data/goods/1501821652721l0.jpg', 10, 4671, '친환경 삼계탕 재료 2종', '삼계탕에 빠질 수 없는 재료, 친환경으로 더 건강하게', 'ok', 0, 10, '2022-08-13 14:26:40', 'good', '2022-08-13 14:26:40', 'chicken', 77, '열린식품', 1),
(39, 6490, 'https://img-cf.kurly.com/cdn-cgi/image/width=676,format=auto/shop/data/goods/1605670640847l0.jpg', 10, 5841, '유기농 달수 고구마 1봉 800g', '점점 달콤하고 쫀쫀해지는', 'ok', 0, 10, '2022-08-13 14:26:40', 'good', '2022-08-13 14:26:40', 'chicken', 10, '신선우리', 1),
(40, 5990, 'https://img-cf.kurly.com/cdn-cgi/image/width=676,format=auto/shop/data/goods/1557726502451l0.jpg', 20, 4792, '유기농 완두콩 600g (냉동)', '요리의 식감과 색감을 살려주는 유기농 완두콩(1봉/600g)', 'ok', 0, 10, '2022-08-13 14:26:40', 'good', '2022-08-14 19:55:05', 'chicken', 11, '바른청과', 1),
(41, 3490, '\nhttps://img-cf.kurly.com/cdn-cgi/image/width=676,format=auto/shop/data/goods/1557211764721l0.jpg', 10, 3141, '유기농 미니 표고버섯', '굽고,볶고,조리고,우리고! 만능 미니 표고버섯(1팩/150g)', 'ok', 0, 10, '2022-08-13 14:45:41', 'good', '2022-08-14 20:48:34', 'chicken', 63, '바른이', 1),
(43, 2490, 'https://img-cf.kurly.com/cdn-cgi/image/width=676,format=auto/shop/data/goods/1656563327799l0.jpg', 10, 2241, '친환경 양파 350g', '남길 걱정 없는 만능 채소', 'ok', 0, 10, '2022-08-13 14:45:41', 'good', '2022-08-14 20:48:34', 'chicken', 62, '믿음야채', 1),
(44, 2630, 'https://img-cf.kurly.com/cdn-cgi/image/width=676,format=auto/shop/data/goods/1463996906146l0.jpg', 10, 2367, '친환경 파채 200g', '고기의 영원한 동반자 (200g)', 'ok', 0, 10, '2022-08-13 14:45:41', 'good', '2022-08-14 20:48:34', 'chicken', 23, '풀무원', 1),
(45, 2300, 'https://img-cf.kurly.com/cdn-cgi/image/width=676,format=auto/shop/data/goods/1589269800286l0.jpg', 10, 2070, '친환경 저민 마늘 50g', '편썰기로 요리에 간편하게 이용하는 저민마늘', 'ok', 0, 10, '2022-08-13 14:45:41', 'good', '2022-08-14 20:48:34', 'chicken', 43, '열린식품', 1),
(46, 4290, 'https://img-cf.kurly.com/cdn-cgi/image/width=676,format=auto/shop/data/goods/1489978895649l0.jpg', 10, 3861, '친환경 비트 2~4입', '아름다움과 영양을 겸비한 퍼플푸드 (1봉/800g)', 'ok', 0, 10, '2022-08-13 14:45:41', 'good', '2022-08-14 20:48:34', 'chicken', 66, '믿음야채', 1),
(47, 3190, 'https://img-cf.kurly.com/cdn-cgi/image/width=676,format=auto/shop/data/goods/1531462863257l0.jpg', 10, 2871, '무농약 공심채 200g', '깨끗한 맛으로 즐기는 이국채소(1팩/200g)', 'ok', 0, 10, '2022-08-13 14:45:41', 'good', '2022-08-14 20:48:34', 'chicken', 66, '바른청과', 1),
(48, 2690, 'https://img-cf.kurly.com/cdn-cgi/image/width=676,format=auto/shop/data/goods/15717119643l0.jpg', 10, 2421, '친환경 손질한 당근 200g', '원하는대로 썰어주기만 하면, 당근 준비 끝!(1봉/200g)', 'ok', 0, 10, '2022-08-13 14:45:41', 'good', '2022-08-14 20:48:34', 'chicken', 44, '열린식품', 1),
(49, 1690, 'https://img-cf.kurly.com/cdn-cgi/image/width=676,format=auto/shop/data/goods/1583297457921l0.jpg', 10, 1521, '친환경 만가닥버섯 2종 (흰색/갈색)', '동글동글 귀여운 갓이 매력적인', 'ok', 0, 10, '2022-08-13 14:45:41', 'good', '2022-08-14 20:48:34', 'chicken', 22, '단미네', 1),
(50, 7490, 'https://img-cf.kurly.com/cdn-cgi/image/width=676,format=auto/shop/data/goods/1595383920825l0.jpg', 10, 6741, '친환경 참송이 버섯 120g', '송이와 표고의 장점만을 담은 참송이버섯(120g/1팩)', 'ok', 0, 10, '2022-08-13 14:45:41', 'good', '2022-08-14 20:48:34', 'chicken', 33, '에크렌시아', 1),
(51, 5300, '\nhttps://img-cf.kurly.com/cdn-cgi/image/width=676,format=auto/shop/data/goods/1557723926836l0.jpg', 10, 4770, '유기농 컬리플라워 600g (냉동)\n ', '필요한 만큼 꺼내쓰는 유기농 냉동 콜리플라워(1봉/600g)', 'ok', 0, 10, '2022-08-13 14:45:41', 'good', '2022-08-14 20:48:34', 'chicken', 44, '열린식품', 1),
(52, 5590, 'https://img-cf.kurly.com/cdn-cgi/image/width=676,format=auto/shop/data/goods/1571706870207l0.jpg', 10, 5031, '친환경 꼭지제거한 마늘 200g', '꼭지까지 제거해서 씻기만 하면 되는 마늘 (1봉/200g)', 'ok', 0, 10, '2022-08-13 14:45:41', 'good', '2022-08-14 20:48:34', 'chicken', 55, '신선우리', 1),
(53, 1290, 'https://img-cf.kurly.com/cdn-cgi/image/width=676,format=auto/shop/data/goods/1470294335365l0.jpg', 10, 1161, '친환경 무순 30g', '알싸하고 아삭한 맛으로 입맛을 더욱 깔끔하게 (30g)', 'ok', 0, 10, '2022-08-13 14:45:41', 'good', '2022-08-14 20:48:34', 'chicken', 66, '바른청과', 1),
(54, 9990, '\nhttps://img-cf.kurly.com/cdn-cgi/image/width=676,format=auto/shop/data/goods/1652941418485l0.jpg', 10, 8991, '친환경 도라지 300g', '뒷처리 걱정 없는 손질 도라지', 'ok', 0, 10, '2022-08-13 14:45:41', 'good', '2022-08-14 20:48:34', 'chicken', 77, '바른이', 1),
(55, 4190, 'https://img-cf.kurly.com/cdn-cgi/image/width=676,format=auto/shop/data/goods/1653038077839l0.jpeg', 10, 3771, '한통 양배추', '아삭한 잎에 깃든 달콤함', 'ok', 0, 10, '2022-08-13 14:45:41', 'good', '2022-08-14 20:48:34', 'chicken', 88, '믿음야채', 1),
(56, 2990, 'https://img-cf.kurly.com/cdn-cgi/image/width=676,format=auto/shop/data/goods/1658393768897l0.jpg', 10, 2691, '양파 900g', '알싸한 속이 꽉찬', NULL, 0, 10, '2022-08-22 05:45:36', 'goodboy', '2022-08-22 05:45:36', 'badboy', 50, '달콤과일', 2),
(57, 4490, 'https://img-cf.kurly.com/cdn-cgi/image/width=676,format=auto/shop/data/goods/1658398273683l0.jpg', 10, 4041, '친환경 흰색 미니 단호박 1개', '진귀하고 사랑스러운 이색 품종', NULL, 0, 10, '2022-08-22 05:45:36', 'goodboy', '2022-08-22 05:45:36', 'badboy', 50, '스윗푸드', 1),
(58, 8000, 'https://img-cf.kurly.com/cdn-cgi/image/width=676,format=auto/shop/data/goods/1649317238141l0.jpg', 10, 7200, '무농약 간편 샐러드 5종', '내 마음대로 골라담고 세척되어 바로 먹을 수 있는 신선한 샐러드', NULL, 0, 10, '2022-08-22 05:45:36', 'goodboy', '2022-08-22 05:45:36', 'badboy', 50, '에이플러스', 0),
(59, 1390, 'https://img-cf.kurly.com/cdn-cgi/image/width=676,format=auto/shop/data/goods/1615532613946l0.jpg', 10, 1251, 'GAP 장수 숙주나물 200g', '싱싱함이 살아있는 시원한 맛', NULL, 0, 10, '2022-08-22 05:45:36', 'goodboy', '2022-08-22 05:45:36', 'badboy', 50, '스윗푸드', 0),
(60, 89100, 'https://img-cf.kurly.com/cdn-cgi/image/width=676,format=auto/shop/data/goods/1597281740163l0.jpg', 10, 80190, '프리미엄 혼합 과일세트 5kg', '다채로운 과일 선물', '', 0, 10, '2022-08-22 05:45:36', 'goodboy', '2022-08-22 05:45:36', 'badboy', 50, '데브컬리', 0),
(61, 135000, 'https://img-cf.kurly.com/cdn-cgi/image/width=676,format=auto/shop/data/goods/1597281399783l0.jpg', 10, 121500, '프리미엄 과일 바구니세트', '클래식한 느낌을 담은 과일 선물', NULL, 0, 10, '2022-08-22 05:45:36', 'goodboy', '2022-08-22 05:45:36', 'badboy', 50, '데브컬리', 0),
(62, 7900, 'https://img-cf.kurly.com/cdn-cgi/image/width=676,format=auto/shop/data/goods/1563267847207l0.jpg', 10, 7110, '아오리 사과 1.5kg(10입내)', '풋풋한 매력 가득한 제철 사과', NULL, 0, 10, '2022-08-22 05:45:36', 'goodboy', '2022-08-22 05:45:36', 'badboy', 50, '딜라잇', 0),
(63, 24900, 'https://img-cf.kurly.com/cdn-cgi/image/width=676,format=auto/shop/data/goods/1596778409886l0.jpg', 10, 22410, '쫀득 납작복숭아 2종', '산지 폭우로 당도가 떨어질 수 있습니다.', NULL, 0, 10, '2022-08-22 05:45:36', 'goodboy', '2022-08-22 05:45:36', 'badboy', 50, '데브컬리', 0),
(64, 42750, 'https://img-cf.kurly.com/cdn-cgi/image/width=676,format=auto/shop/data/goods/1597051148398l0.jpg', 10, 38475, 'GAP 간편곶감세트 800g(20입)', '1박스 개별포장된 40~45g 곶감 20개', NULL, 0, 10, '2022-08-22 05:45:37', 'goodboy', '2022-08-22 05:45:37', 'badboy', 50, '스위프리', 0),
(65, 12500, 'https://img-cf.kurly.com/cdn-cgi/image/width=676,format=auto/shop/data/goods/159945869376l0.jpg', 10, 11250, 'GAP 무화과 550g', '자연스럽게 감겨드는 달콤함', NULL, 0, 10, '2022-08-22 05:45:37', 'goodboy', '2022-08-22 05:45:37', 'badboy', 50, '딜라잇', 0),
(66, 79900, 'https://img-cf.kurly.com/cdn-cgi/image/width=676,format=auto/shop/data/goods/1619583502735l0.jpg', 10, 71910, '제주산 애플망고 1.1kg(3입)', '황금빛 과육이 품은 남다른 달콤함', NULL, 0, 10, '2022-08-22 05:45:37', 'goodboy', '2022-08-22 05:45:37', 'badboy', 50, '달콤과일', 0),
(67, 9450, 'https://img-cf.kurly.com/cdn-cgi/image/width=676,format=auto/shop/data/goods/162943867922l0.jpg', 10, 8505, 'GAP 와촌 자두 1kg(8입)', '명산지에서 길러낸 새콤달콤함', NULL, 0, 10, '2022-08-22 05:45:37', 'goodboy', '2022-08-22 05:45:37', 'badboy', 34, '데브컬리', 0),
(68, 11900, 'https://img-cf.kurly.com/cdn-cgi/image/width=676,format=auto/shop/data/goods/1628749475695l0.jpg', 10, 10710, '황도 아삭 복숭아 600g (2입)', '산지 폭우로 당도가 떨어질 수 있습니다.', NULL, 0, 10, '2022-08-22 05:45:37', 'goodboy', '2022-08-22 05:45:37', 'badboy', 4, '달콤과일', 1),
(69, 22800, 'https://img-cf.kurly.com/cdn-cgi/image/width=676,format=auto/shop/data/goods/1637925008955l0.jpeg', 10, 20520, '향기가득 샤인머스캣 700g', '달콤한 향미 가득 연둣빛 포도', NULL, 0, 10, '2022-08-22 05:45:37', 'goodboy', '2022-08-22 05:45:37', 'badboy', 50, '스윗푸드', 1),
(70, 19800, 'https://product-image.kurly.com/cdn-cgi/image/width=676,format=auto/product/image/08f8cc74-d1c9-4f6d-b3c6-d7ab750a36a7.jpg', 10, 17820, '마이하트 포도 500g', '탐스럽게 차오른 선홍빛 하트', NULL, 0, 10, '2022-08-22 05:45:37', 'goodboy', '2022-08-22 05:45:37', 'badboy', 4, '데브컬리', 1),
(71, 16800, 'https://product-image.kurly.com/cdn-cgi/image/width=676,format=auto/product/image/6bb2724f-a267-4d3e-8dd3-48608607fe9c.jpg', 10, 15120, '당도선별 서귀포 감귤 1.5kg', '언제 먹어도 반가운 과일', NULL, 0, 10, '2022-08-22 05:45:37', 'goodboy', '2022-08-22 05:45:37', 'badboy', 5, '스위프리', 1),
(72, 29000, 'https://product-image.kurly.com/cdn-cgi/image/width=676,format=auto/product/image/574d5efe-98b7-4cd8-9a71-b03916174222.jpg', 10, 26100, '당도선별 서귀포 감귤 3kg', '기분이 좋아지는 산뜻한 단맛', NULL, 0, 10, '2022-08-22 05:45:37', 'goodboy', '2022-08-22 05:45:37', 'badboy', 12, '스위프리', 1),
(73, 110000, 'https://3p-image.kurly.com/cdn-cgi/image/width=676,format=auto/product-image/1cd04919-a799-4f55-8bf5-9e6daf83300a/4f4a0e9f-db26-4bb8-b619-5884e3856ad6.jpg', 10, 99000, '과일바구니 10kg(12종)', '풍성하게 담아낸 과일 선물', NULL, 0, 10, '2022-08-22 05:45:37', 'goodboy', '2022-08-22 05:45:37', 'badboy', 6, '스위프리', 1),
(74, 164800, 'https://3p-image.kurly.com/cdn-cgi/image/width=676,format=auto/product-image/1cd04919-a799-4f55-8bf5-9e6daf83300a/5814060d-36b9-41e6-8a09-9a3de4393f80.jpg', 10, 148320, '과일바구니 13kg(12종)', '특별하게 담아낸 과일 선물 ', NULL, 0, 10, '2022-08-22 05:45:37', 'goodboy', '2022-08-22 05:45:37', 'badboy', 6, '이지투어', 1),
(75, 61800, 'https://3p-image.kurly.com/cdn-cgi/image/width=676,format=auto/product-image/1cd04919-a799-4f55-8bf5-9e6daf83300a/48e07653-eba8-457e-bde7-045df9586818.jpg', 10, 55620, '과일바구니 5kg(8종)', '실속 있게 담은 과일 선물 ', NULL, 0, 10, '2022-08-22 05:45:37', 'goodboy', '2022-08-22 05:45:37', 'badboy', 65, '데브컬리', 1),
(76, 80000, 'https://3p-image.kurly.com/cdn-cgi/image/width=676,format=auto/product-image/1cd04919-a799-4f55-8bf5-9e6daf83300a/450b865a-70f9-490e-bd23-f9cf536fcf6a.jpg', 10, 72000, '과일바구니 7kg(9종)', '알차게 담은 과일 선물', NULL, 0, 10, '2022-08-22 05:45:37', 'goodboy', '2022-08-22 05:45:37', 'badboy', 65, '딜라잇', 1),
(77, 44000, 'https://3p-image.kurly.com/cdn-cgi/image/width=676,format=auto/product-image/1cd04919-a799-4f55-8bf5-9e6daf83300a/e8d89a2e-440a-49c1-8dea-fb3fc1a1e407.jpg', 10, 39600, '왕자두 4kg(800gX5팩)', '커다란 과육에 가득 찬 새콤달콤함', NULL, 0, 10, '2022-08-22 05:45:37', 'goodboy', '2022-08-22 05:45:37', 'badboy', 65, '딜라잇', 1),
(78, 18450, 'https://3p-image.kurly.com/cdn-cgi/image/width=676,format=auto/product-image/1cd04919-a799-4f55-8bf5-9e6daf83300a/24dccc65-47b5-4251-a478-3911ab9f86de.jpg', 10, 16605, '천도복숭아 3kg(1.5kgX2팩)', '알차게 담은 여름 과일', NULL, 0, 10, '2022-08-22 05:45:37', 'goodboy', '2022-08-22 05:45:37', 'badboy', 43, '데브컬리', 1),
(79, 150000, 'https://3p-image.kurly.com/cdn-cgi/image/width=676,format=auto/product-image/3cb1ce1f-0cbd-4c63-ad43-d78a774100bf/d7b15558-6187-4a0c-9846-fcabc0433076.jpg', 10, 135000, '제주산 애플망고 3kg(6입)', '가장 맛있을 때 수확한 황홀한 달콤함', NULL, 0, 10, '2022-08-22 05:45:37', 'goodboy', '2022-08-22 05:45:37', 'badboy', 65, '스위프리', 1),
(80, 44800, 'https://3p-image.kurly.com/cdn-cgi/image/width=676,format=auto/product-image/bd757b46-7aa2-4474-873d-540fa2a4dc94/dbe0cdf7-c548-473d-b830-3985ef414eda.jpg', 10, 40320, '머스크 멜론 8kg(5개입)', '묵직하게 담은 국산 멜론', NULL, 0, 10, '2022-08-22 05:45:37', 'goodboy', '2022-08-22 05:45:37', 'badboy', 54, '데브컬리', 1),
(81, 15900, 'https://img-cf.kurly.com/cdn-cgi/image/width=676,format=auto/shop/data/goods/1653038449592l0.jpeg', 10, 14310, '성주 참외 1.5kg', '뽀얀 과육에 담긴 시원한 단맛', NULL, 0, 10, '2022-08-22 05:45:37', 'goodboy', '2022-08-22 05:45:37', 'badboy', 43, '데브컬리', 1),
(82, 12834, 'https://img-cf.kurly.com/cdn-cgi/image/width=676,format=auto/shop/data/goods/1653038898692l0.jpeg', 10, 11550, '당도선별 GAP하우스 감귤 1kg', '기분 좋은 주황빛 달콤함', NULL, 0, 10, '2022-08-22 05:45:37', 'goodboy', '2022-08-22 05:45:37', 'badboy', 43, '귤림원', 1),
(83, 9900, 'https://img-cf.kurly.com/cdn-cgi/image/width=676,format=auto/shop/data/goods/1592906805156l0.jpg', 10, 8910, '유명산지 천도복숭아 1.2kg (특)', '산지 폭우로 당도가 떨어질 수 있습니다.', NULL, 0, 10, '2022-08-22 05:45:37', 'goodboy', '2022-08-22 05:45:37', 'badboy', 42, 'KF365', 1),
(84, 4980, 'https://img-cf.kurly.com/cdn-cgi/image/width=676,format=auto/shop/data/goods/1637936421263l0.jpg', 10, 4482, '방울토마토 500g', '믿고 먹을 수 있는 상품을 합리적인 가격에, KF365', NULL, 0, 10, '2022-08-22 05:45:37', 'goodboy', '2022-08-22 05:45:37', 'badboy', 53, 'KF365', 1),
(85, 7500, 'https://img-cf.kurly.com/cdn-cgi/image/width=676,format=auto/shop/data/goods/1637937073806l0.jpg', 10, 6750, '대추방울토마토 750g', '믿고 먹을 수 있는 상품을 합리적인 가격에, KF365', NULL, 0, 10, '2022-08-22 05:45:37', 'goodboy', '2022-08-22 05:45:37', 'badboy', 54, '스위프리', 1),
(86, 6900, 'https://img-cf.kurly.com/cdn-cgi/image/width=676,format=auto/shop/data/goods/1653038808276l0.jpeg', 10, 6210, '샤인마토 500g', '설탕 없이도 달달함을 머금은 방울토마토', NULL, 0, 10, '2022-08-22 05:45:37', 'goodboy', '2022-08-22 05:45:37', 'badboy', 51, '데브컬리', 1),
(87, 8980, 'https://img-cf.kurly.com/cdn-cgi/image/width=676,format=auto/shop/data/goods/1616127577267l0.jpg', 10, 8082, '친환경 블루베리 100g (상)', '싱그러움이 살아있는', NULL, 0, 10, '2022-08-22 05:45:37', 'goodboy', '2022-08-22 05:45:37', 'badboy', 54, '딜라잇', 1),
(88, 9900, 'https://img-cf.kurly.com/cdn-cgi/image/width=676,format=auto/shop/data/goods/1653038832359l0.jpeg', 10, 8910, '스테비아 토마토 500g', '한입에 톡 터지는 과즙', NULL, 0, 10, '2022-08-22 05:45:37', 'goodboy', '2022-08-22 05:45:37', 'badboy', 4, '스윗볼', 1),
(89, 9900, 'https://img-cf.kurly.com/cdn-cgi/image/width=676,format=auto/shop/data/goods/1637936287581l0.jpg', 10, 8910, '완숙토마토 2kg', '믿고 먹을 수 있는 상품을 합리적인 가격에, KF365', NULL, 0, 10, '2022-08-22 05:45:37', 'goodboy', '2022-08-22 05:45:37', 'badboy', 45, '데브컬리', 1),
(90, 9900, 'https://img-cf.kurly.com/cdn-cgi/image/width=676,format=auto/shop/data/goods/1563777423511l0.jpg', 10, 8910, 'GAP 거봉포도 450g', '양손에 들어오는 아담한 거봉', NULL, 0, 10, '2022-08-22 05:45:37', 'goodboy', '2022-08-22 05:45:37', 'badboy', 67, '딜라잇', 1),
(91, 12900, 'https://img-cf.kurly.com/cdn-cgi/image/width=676,format=auto/shop/data/goods/1556177241276l0.jpg', 10, 11610, '미국산 스위트 사파이어 포도 500g', '달콤함의 끝을 보여주는 스위트 사파이어(500g/1팩)', 'ok', 0, 10, '2022-08-13 14:45:41', 'good', '2022-08-14 20:48:34', 'chicken', 11, '믿음야채', 1),
(92, 9900, 'https://img-cf.kurly.com/cdn-cgi/image/width=676,format=auto/shop/data/goods/1637924308483l0.jpeg', 10, 8910, '컷팅 메론 330g (대)', '뚜껑만 열어 바로 먹는 간편 멜론', NULL, 0, 10, '2022-08-22 05:45:36', 'goodboy', '2022-08-22 05:45:36', 'badboy', 50, '달콤과일', 2),
(93, 20000, 'https://img-cf.kurly.com/cdn-cgi/image/width=676,format=auto/shop/data/goods/1568771193951l0.jpg', 10, 18000, '친환경 냉동 국산 유기농 블루베리 500g', '냉동실에서 간편하게 꺼내먹는 \'국산\' 유기농 냉동 블루베리(1봉/500g)', NULL, 0, 10, '2022-08-22 05:45:36', 'goodboy', '2022-08-22 05:45:36', 'badboy', 50, '스윗푸드', 1),
(94, 28950, 'https://img-cf.kurly.com/cdn-cgi/image/width=676,format=auto/shop/data/goods/1640234771692l0.jpg', 10, 26055, '머거본 스테디셀러 6종 세트', '깔끔한 캔에 담은 다채로운 견과', NULL, 0, 10, '2022-08-22 05:45:36', 'goodboy', '2022-08-22 05:45:36', 'badboy', 50, '에이플러스', 0),
(95, 19900, 'https://img-cf.kurly.com/cdn-cgi/image/width=676,format=auto/shop/data/goods/1658395154280l0.jpg', 20, 15920, '저탄소 유기농 영호진미 4kg', '식은후에도 탄력있는 밥알', NULL, 0, 10, '2022-08-22 05:45:36', 'goodboy', '2022-08-22 05:45:36', 'badboy', 50, '스윗푸드', 1),
(96, 4980, 'https://img-cf.kurly.com/cdn-cgi/image/width=676,format=auto/shop/data/goods/1653037404241l0.jpeg', 10, 4482, '바지락 500g (냉장)', '자연스러운 감칠맛을 더하는 재료', NULL, 0, 10, '2022-08-23 16:32:16', 'goodboy', '2022-08-23 16:32:16', 'badboy', 50, '삼삼해물', 0),
(97, 7900, 'https://img-cf.kurly.com/cdn-cgi/image/width=676,format=auto/shop/data/goods/1631585212132l0.jpg', 10, 7110, '서해안 모시조개 400g (생물)', '시원한 국물을 완성하는 주인공', NULL, 0, 10, '2022-08-23 16:32:16', 'goodboy', '2022-08-23 16:32:16', 'badboy', 50, '씨클렘', 0),
(98, 6900, 'https://img-cf.kurly.com/cdn-cgi/image/width=676,format=auto/shop/data/goods/1631585500477l0.jpg', 20, 5520, '서해안 동죽조개 600g (생물)', '통통하게 차오른 뽀얀 속살', NULL, 0, 10, '2022-08-23 16:32:16', 'goodboy', '2022-08-23 16:32:16', 'badboy', 50, '씨클렘', 1),
(99, 29800, 'https://img-cf.kurly.com/cdn-cgi/image/width=676,format=auto/shop/data/goods/162797304348l0.jpg', 10, 26820, '민물장어 400g  (생물)', '큼직한 사이즈로 든든', NULL, 0, 10, '2022-08-23 16:32:16', 'goodboy', '2022-08-23 16:32:16', 'badboy', 50, '바븐', 1),
(100, 22000, 'https://img-cf.kurly.com/cdn-cgi/image/width=676,format=auto/shop/data/goods/1613540593595l0.jpg', 10, 19800, '국내산 손질 민물장어 240g (생물)', '통으로 요리하는 손질 장어', NULL, 0, 10, '2022-08-23 16:32:16', 'goodboy', '2022-08-23 16:32:16', 'badboy', 50, '삼삼물산', 1),
(101, 6500, 'https://img-cf.kurly.com/cdn-cgi/image/width=676,format=auto/shop/data/goods/1631585790358l0.jpg', 20, 5200, '서해안 참바지락 600g (생물)', '활용도 높은 만능 조개', NULL, 0, 10, '2022-08-23 16:32:16', 'goodboy', '2022-08-23 16:32:16', 'badboy', 50, '씨클렘', 1),
(102, 11800, 'https://img-cf.kurly.com/cdn-cgi/image/width=676,format=auto/shop/data/goods/1583991620695l0.jpg', 10, 10620, '동해 손질 가자미 350g (2마리) (생물)', '편하게 즐기는 담백한 맛 ', NULL, 0, 10, '2022-08-23 16:32:16', 'goodboy', '2022-08-23 16:32:16', 'badboy', 32, '양포어장', 1),
(103, 9900, 'https://img-cf.kurly.com/cdn-cgi/image/width=676,format=auto/shop/data/goods/1594705985895l0.jpg', 20, 7920, '산지직송 손질 오징어 250g (생물)', '귀한 국내산 오징어를 신선하게', NULL, 0, 10, '2022-08-23 16:32:16', 'goodboy', '2022-08-23 16:32:16', 'badboy', 45, '양포어장', 1),
(104, 7500, 'https://img-cf.kurly.com/cdn-cgi/image/width=676,format=auto/shop/data/goods/1630300997862l0.jpg', 10, 6750, '모둠해물 250g (냉장)', '가장 유용한 해물로만 담은', NULL, 0, 10, '2022-08-23 16:32:16', 'goodboy', '2022-08-23 16:32:16', 'badboy', 66, '윤슬', 1),
(105, 4900, 'https://img-cf.kurly.com/cdn-cgi/image/width=676,format=auto/shop/data/goods/1542940394796l0.jpg', 10, 4410, '모시조개 250g (냉장)', '빛깔좋고 맛 좋은 우아한 조개', NULL, 0, 10, '2022-08-23 16:32:16', 'goodboy', '2022-08-23 16:32:16', 'badboy', 11, '중앙씨푸드', 1),
(106, 3900, 'https://img-cf.kurly.com/cdn-cgi/image/width=676,format=auto/shop/data/goods/1542941699773l0.jpg', 10, 3510, '동죽조개 200g (냉장)', '맑고 시원한 국물이 진국', NULL, 0, 10, '2022-08-23 16:32:16', 'goodboy', '2022-08-23 16:32:16', 'badboy', 22, '중앙씨푸드', 1),
(107, 7640, 'https://img-cf.kurly.com/cdn-cgi/image/width=676,format=auto/shop/data/goods/1653037451725l0.jpeg', 10, 6876, '새꼬막 1kg (생물)', '바다의 향을 담은 쫄깃한 꼬막', NULL, 0, 10, '2022-08-23 16:32:16', 'goodboy', '2022-08-23 16:32:16', 'badboy', 44, '이호', 1),
(108, 22600, 'https://img-cf.kurly.com/cdn-cgi/image/width=676,format=auto/shop/data/goods/1539248986546l0.jpg', 10, 20340, '자연산 돌문어 500g (생물)', '거제도 해녀가 잡은 제철 문어', NULL, 0, 10, '2022-08-23 16:32:16', 'goodboy', '2022-08-23 16:32:16', 'badboy', 33, '삼삼해물', 1),
(109, 9900, 'https://img-cf.kurly.com/cdn-cgi/image/width=676,format=auto/shop/data/goods/1600664641759l0.jpg', 20, 7920, '스테이크용 삼치 300g (생물)', '도톰한 두께로 즐기는 담백함', NULL, 0, 10, '2022-08-23 16:32:16', 'goodboy', '2022-08-23 16:32:16', 'badboy', 23, '이호', 1),
(110, 6900, 'https://img-cf.kurly.com/cdn-cgi/image/width=676,format=auto/shop/data/goods/1653037427474l0.jpeg', 20, 5520, '남해안 새꼬막 500g (생물)', '옹골차게 품은 감칠맛', NULL, 0, 10, '2022-08-23 16:32:16', 'goodboy', '2022-08-23 16:32:16', 'badboy', 1, '윤슬', 1),
(111, 12900, 'https://img-cf.kurly.com/cdn-cgi/image/width=676,format=auto/shop/data/goods/1604295734916l0.jpg', 10, 11610, '대구 500g  (생물)', '비리지않고 담백한 흰살생선', NULL, 0, 10, '2022-08-23 16:32:16', 'goodboy', '2022-08-23 16:32:16', 'badboy', 100, '이호', 1),
(112, 21400, 'https://img-cf.kurly.com/cdn-cgi/image/width=676,format=auto/shop/data/goods/1627971835142l0.jpg', 20, 17120, '민물장어 250g  (생물)', '한 끼에 알맞은 손질 장어', NULL, 0, 10, '2022-08-23 16:32:16', 'goodboy', '2022-08-23 16:32:16', 'badboy', 99, '바븐', 1),
(113, 52900, 'https://img-cf.kurly.com/cdn-cgi/image/width=676,format=auto/shop/data/goods/1654148463486l0.jpg', 20, 42320, '국내산 손질 민물장어 600g 2미 (생물)', '도톰한 두께에 고소한 감칠맛', NULL, 0, 10, '2022-08-23 16:32:16', 'goodboy', '2022-08-23 16:32:16', 'badboy', 88, '  ', 1),
(114, 15100, 'https://img-cf.kurly.com/cdn-cgi/image/width=676,format=auto/shop/data/goods/1613538785508l0.jpg', 10, 13590, '자연산 손질 바다장어 350g (생물)', '청정 바다에서 어획한 자연산 장어', NULL, 0, 10, '2022-08-23 16:32:16', 'goodboy', '2022-08-23 16:32:16', 'badboy', 77, '삼삼물산', 1),
(115, 17900, 'https://img-cf.kurly.com/cdn-cgi/image/width=676,format=auto/shop/data/goods/1613537786670l0.jpg', 20, 14320, '자연산 손질 바다장어 500g (냉동)', '풍성한 식탁을 완성해줄 장어', NULL, 0, 10, '2022-08-23 16:32:16', 'goodboy', '2022-08-23 16:32:16', 'badboy', 66, '삼삼물산', 1),
(116, 22900, 'https://img-cf.kurly.com/cdn-cgi/image/width=676,format=auto/shop/data/goods/1593146874937l0.jpg', 10, 20610, '병어 250~300g (생물)', '부드럽게 살살 녹는 맛', NULL, 0, 10, '2022-08-23 16:32:16', 'goodboy', '2022-08-23 16:32:16', 'badboy', 55, '이호', 1),
(117, 13800, 'https://img-cf.kurly.com/cdn-cgi/image/width=676,format=auto/shop/data/goods/1656894689204l0.jpg', 5, 13110, '법성포참맛 대용량 영광굴비', '푸짐히 맛보는 영광굴비의 참맛', NULL, 0, 10, '2022-08-23 16:32:16', 'goodboy', '2022-08-23 16:32:16', 'badboy', 50, 'KF365', 0),
(118, 42000, 'https://img-cf.kurly.com/cdn-cgi/image/width=676,format=auto/shop/data/goods/1648206675242l0.jpeg', 10, 37800, 'MSC인증 자숙랍스터 2미 (냉동)', '손쉽게 즐기는 탱글한 속살', NULL, 0, 10, '2022-08-31 11:45:02', 'goodboy', '2022-08-31 11:45:02', 'badboy', 100, '블루', 1),
(119, 19900, 'https://img-cf.kurly.com/cdn-cgi/image/width=676,format=auto/shop/data/goods/1603422217551l0.jpg', 10, 17910, '국산 새우(특대) 400g 내외 (생물)', '신선한 특대 사이즈 새우', NULL, 0, 10, '2022-08-31 12:16:49', 'goodboy', '2022-08-31 12:16:49', 'badboy', 50, '이호', 1),
(120, 139000, 'https://img-cf.kurly.com/cdn-cgi/image/width=676,format=auto/shop/data/goods/1641374366973l0.jpg', 15, 118150, '자연산 붉은 새우 세트 (1.2kg)', '바다가 키워낸 붉은빛 새우', NULL, 0, 10, '2022-08-31 12:16:49', 'goodboy', '2022-08-31 12:16:49', 'badboy', 150, '수산곳간', 1),
(121, 23900, 'https://product-image.kurly.com/cdn-cgi/image/width=676,format=auto/product/image/0e3e6353-b3c8-4691-88f3-f0b0e4734546.jpg', 10, 21510, '손질 왕 흰다리새우 800g (냉동)', '근사한 새우 요리를 간편하게', NULL, 0, 10, '2022-08-31 12:16:49', 'goodboy', '2022-08-31 12:16:49', 'badboy', 50, '수산곳간', 1),
(122, 20900, 'https://product-image.kurly.com/cdn-cgi/image/width=676,format=auto/product/image/a2c2ff60-5432-449e-8c21-d289ccf24991.jpg', 10, 18810, '프리미엄 손질 생새우살 800g (냉동)', '손쉽게 꺼내 쓰는 생새우', NULL, 0, 10, '2022-08-31 12:16:49', 'goodboy', '2022-08-31 12:16:49', 'badboy', 50, '수산곳간', 1),
(123, 4980, 'https://product-image.kurly.com/cdn-cgi/image/width=676,format=auto/product/image/ab02a6eb-348e-4924-a6fe-d72515208d1a.jpg', 10, 4482, '삼천포 밥새우 150g', '작은 새우의 고소한 감칠맛', NULL, 0, 10, '2022-08-31 12:16:49', 'goodboy', '2022-08-31 12:16:49', 'badboy', 50, '수산곳간', 0),
(124, 8400, 'https://img-cf.kurly.com/cdn-cgi/image/width=676,format=auto/shop/data/goods/1653035799268l0.jpeg', 10, 7560, '프리미엄 손질 생새우살 200g (냉동)(26/30사이즈)', '두루 사용하기 좋은 간편 새우', NULL, 0, 10, '2022-08-31 12:16:49', 'goodboy', '2022-08-31 12:16:49', 'badboy', 50, '우주', 0),
(125, 10500, 'https://img-cf.kurly.com/cdn-cgi/image/width=676,format=auto/shop/data/goods/1542602494777l0.jpg', 10, 9450, '손질 왕 흰다리새우 300g (냉동)', '큼직한 크기로 즐거움을 주는 왕 흰다리새우', NULL, 0, 10, '2022-08-31 12:16:49', 'goodboy', '2022-08-31 12:16:49', 'badboy', 50, 'Sea to Table', 1),
(126, 8300, 'https://img-cf.kurly.com/cdn-cgi/image/width=676,format=auto/shop/data/goods/165303588022l0.jpeg', 10, 7470, '손질 생새우살 200g (냉동)', '껍질, 내장, 꼬리까지 완벽 제거한 손질 생새우', NULL, 0, 10, '2022-08-31 12:16:49', 'goodboy', '2022-08-31 12:16:49', 'badboy', 50, 'Sea to Table', 0),
(127, 6300, 'https://img-cf.kurly.com/cdn-cgi/image/width=676,format=auto/shop/data/goods/1597907343855l0.jpg', 10, 5670, '볶음밥용 손질 새우살 200g (냉동)', '두루두루 쓰기 좋은', NULL, 0, 10, '2022-08-31 12:16:49', 'goodboy', '2022-08-31 12:16:49', 'badboy', 50, 'Sea to Table', 0),
(128, 11500, 'https://img-cf.kurly.com/cdn-cgi/image/width=676,format=auto/shop/data/goods/1653036080824l0.jpeg', 10, 10350, '프리미엄 자연산 붉은 생새우살 300g (냉동)', '껍질 벗겨 쓰기 좋은 새우', NULL, 0, 10, '2022-08-31 12:16:49', 'goodboy', '2022-08-31 12:16:49', 'badboy', 50, '수산곳간', 1),
(129, 15900, 'https://img-cf.kurly.com/cdn-cgi/image/width=676,format=auto/shop/data/goods/1648206145817l0.jpg', 10, 14310, '블랙타이거 새우 (대) 300g (냉동)', '남다른 사이즈에 탱글탱글함', NULL, 0, 10, '2022-08-31 22:55:58', 'goodboy', '2022-08-31 22:55:58', 'badboy', 77, '이호', 1),
(130, 17900, 'https://img-cf.kurly.com/cdn-cgi/image/width=676,format=auto/shop/data/goods/158649379785l0.jpg', 10, 16110, '손질 가을 수꽃게(대) 300~400g (4조각) (냉동)', '부드럽게 꽉 찬 속살', NULL, 0, 10, '2022-08-31 22:55:58', 'goodboy', '2022-08-31 22:55:58', 'badboy', 74, '이호', 1),
(131, 7300, 'https://product-image.kurly.com/cdn-cgi/image/width=676,format=auto/product/image/9b297837-bd1c-4725-b346-abc003cd703e.jpg', 10, 6570, '제로 마시멜로 (355mL X 6개입)', 'DJ Marshmello와 함께 만든 한정판 패키지', NULL, 0, 10, '2022-08-31 23:54:28', 'goodboy', '2022-08-31 23:54:28', 'badboy', 50, 'cocacola', 1),
(132, 7990, 'https://img-cf.kurly.com/cdn-cgi/image/width=676,format=auto/shop/data/goods/1653269713295l0.jpg', 10, 7191, '스프라이트 제로 (500ml X 6개입)', '풍성하게 즐기는 청량감', NULL, 0, 10, '2022-08-31 23:54:28', 'goodboy', '2022-08-31 23:54:28', 'badboy', 50, 'cocacola', 1),
(133, 3000, 'https://img-cf.kurly.com/cdn-cgi/image/width=676,format=auto/shop/data/goods/1605085804516l0.jpg', 10, 2700, '코카콜라 제로 1.5L', '칼로리 걱정없는 가벼운 한 병', NULL, 0, 10, '2022-08-31 23:54:28', 'goodboy', '2022-08-31 23:54:28', 'badboy', 50, 'cocacola', 1),
(134, 4750, 'https://img-cf.kurly.com/cdn-cgi/image/width=676,format=auto/shop/data/goods/1632711074750l0.jpg', 10, 4275, '펩시 라임 제로 콜라 (250mL X 6캔)', '부담 없이 누리는 청량함', NULL, 0, 10, '2022-08-31 23:54:28', 'goodboy', '2022-08-31 23:54:28', 'badboy', 50, '펩시', 1),
(135, 6480, 'https://img-cf.kurly.com/cdn-cgi/image/width=676,format=auto/shop/data/goods/1605086393304l0.jpg', 10, 5832, '코카콜라 제로 (250mL X 6캔)', '설탕을 넣지 않아 깔끔한 맛', NULL, 0, 10, '2022-08-31 23:54:28', 'goodboy', '2022-08-31 23:54:28', 'badboy', 50, 'cocacola', 1),
(136, 10400, 'https://img-cf.kurly.com/cdn-cgi/image/width=676,format=auto/shop/data/goods/1645767403925l0.jpg', 10, 9360, '코카콜라 제로 (500mL X 6병)', '칼로리 걱정 없이 즐기는 콜라', NULL, 0, 10, '2022-08-31 23:54:28', 'goodboy', '2022-08-31 23:54:28', 'badboy', 50, 'cocacola', 1),
(137, 5200, 'https://img-cf.kurly.com/cdn-cgi/image/width=676,format=auto/shop/data/goods/165518592044l0.jpg', 10, 4680, '코카콜라 제로 (1.5L X 2입)', '걱정 없이 만끽하는 달콤함', NULL, 0, 10, '2022-08-31 23:54:28', 'goodboy', '2022-08-31 23:54:28', 'badboy', 50, 'cocacola', 1),
(138, 2930, 'https://img-cf.kurly.com/cdn-cgi/image/width=676,format=auto/shop/data/goods/1600915374713l0.jpg', 10, 2637, '유기농 콜라 355mL', '건강한 콜라', NULL, 0, 10, '2022-08-31 23:54:28', 'goodboy', '2022-08-31 23:54:28', 'badboy', 50, '갈바니나', 1),
(139, 4680, 'https://img-cf.kurly.com/cdn-cgi/image/width=676,format=auto/shop/data/goods/1647231779881l0.jpg', 10, 4212, '펩시 콜라 (250mL X 6캔)', '짜릿하게 퍼지는 청량감', NULL, 0, 10, '2022-08-31 23:54:28', 'goodboy', '2022-08-31 23:54:28', 'badboy', 50, '펩시', 1),
(140, 16500, 'https://img-cf.kurly.com/cdn-cgi/image/width=676,format=auto/shop/data/goods/1647324214258l0.jpg', 10, 14850, '펩시 라임 제로 무라벨 콜라 (300mL X 20입)', '무라벨 패키지로 즐기는 펩시', NULL, 0, 10, '2022-08-31 23:54:28', 'goodboy', '2022-08-31 23:54:28', 'badboy', 50, '펩시', 1),
(141, 7200, 'https://img-cf.kurly.com/cdn-cgi/image/width=676,format=auto/shop/data/goods/165292541662l0.jpg', 10, 6480, '식후비법 W차 (500mLX6개입)', '깔끔하게 즐기는 한 모금', NULL, 0, 10, '2022-08-31 23:54:28', 'goodboy', '2022-08-31 23:54:28', 'badboy', 50, 'cocacola', 1),
(142, 8900, 'https://img-cf.kurly.com/cdn-cgi/image/width=676,format=auto/shop/data/goods/1646891194612l0.jpg', 15, 7565, '펩시 라임 제로 콜라 (500mL X 6개)', '부담 없이 즐기는 청량감', NULL, 0, 10, '2022-08-31 23:54:28', 'goodboy', '2022-08-31 23:54:28', 'badboy', 50, '펩시', 1);

-- --------------------------------------------------------

--
-- 테이블 구조 `REVIEW_BOARD_TB`
--

CREATE TABLE `REVIEW_BOARD_TB` (
  `bbs_id` int(11) NOT NULL,
  `revw_like` int(11) NOT NULL DEFAULT 0,
  `revw_img` varchar(255) DEFAULT NULL,
  `in_date` datetime NOT NULL DEFAULT current_timestamp(),
  `in_user` varchar(30) NOT NULL,
  `up_date` datetime NOT NULL DEFAULT current_timestamp(),
  `up_user` varchar(30) NOT NULL
) ENGINE=InnoDB DEFAULT CHARSET=utf8;

--
-- 테이블의 덤프 데이터 `REVIEW_BOARD_TB`
--

INSERT INTO `REVIEW_BOARD_TB` (`bbs_id`, `revw_like`, `revw_img`, `in_date`, `in_user`, `up_date`, `up_user`) VALUES
(123, 0, NULL, '2022-09-25 23:34:32', '1', '2022-09-25 23:34:32', '1'),
(124, 0, NULL, '2022-09-25 23:34:32', '1', '2022-09-25 23:34:32', '1'),
(125, 0, NULL, '2022-09-25 23:34:32', '1', '2022-09-25 23:34:32', '1'),
(126, 0, NULL, '2022-09-25 23:34:32', '1', '2022-09-25 23:34:32', '1'),
(127, 0, NULL, '2022-09-25 23:34:33', '1', '2022-09-25 23:34:33', '1'),
(128, 0, NULL, '2022-09-25 23:34:33', '1', '2022-09-25 23:34:33', '1'),
(129, 0, NULL, '2022-09-25 23:34:33', '1', '2022-09-25 23:34:33', '1'),
(130, 0, NULL, '2022-09-25 23:34:33', '1', '2022-09-25 23:34:33', '1'),
(131, 0, NULL, '2022-09-25 23:34:33', '1', '2022-09-25 23:34:33', '1'),
(132, 0, NULL, '2022-09-25 23:34:33', '1', '2022-09-25 23:34:33', '1'),
(133, 0, NULL, '2022-09-25 23:34:33', '1', '2022-09-25 23:34:33', '1'),
(134, 0, NULL, '2022-09-25 23:34:34', '1', '2022-09-25 23:34:34', '1'),
(135, 0, NULL, '2022-09-25 23:34:34', '1', '2022-09-25 23:34:34', '1'),
(136, 0, NULL, '2022-09-25 23:34:34', '1', '2022-09-25 23:34:34', '1'),
(137, 0, NULL, '2022-09-25 23:34:34', '1', '2022-09-25 23:34:34', '1'),
(138, 0, NULL, '2022-09-25 23:34:34', '1', '2022-09-25 23:34:34', '1'),
(139, 0, NULL, '2022-09-25 23:34:34', '1', '2022-09-25 23:34:34', '1'),
(140, 0, NULL, '2022-09-25 23:34:35', '1', '2022-09-25 23:34:35', '1'),
(141, 0, NULL, '2022-09-25 23:34:35', '1', '2022-09-25 23:34:35', '1'),
(142, 0, NULL, '2022-09-25 23:34:35', '1', '2022-09-25 23:34:35', '1'),
(143, 0, NULL, '2022-09-25 23:34:35', '1', '2022-09-25 23:34:35', '1'),
(144, 0, NULL, '2022-09-25 23:34:35', '1', '2022-09-25 23:34:35', '1');

-- --------------------------------------------------------

--
-- 테이블 구조 `SKU_TB`
--

CREATE TABLE `SKU_TB` (
  `st_hi_id` int(11) NOT NULL,
  `pdt_id` int(11) NOT NULL COMMENT 'AUTO_INCREMENT',
  `stock` int(11) NOT NULL,
  `st_in_date` datetime NOT NULL,
  `st_out_date` datetime NOT NULL,
  `sku_code` varchar(100) NOT NULL COMMENT 'SKU관리',
  `in_date` datetime NOT NULL DEFAULT current_timestamp(),
  `in_user` varchar(30) NOT NULL,
  `up_date` datetime NOT NULL DEFAULT current_timestamp(),
  `up_user` varchar(30) NOT NULL
) ENGINE=InnoDB DEFAULT CHARSET=utf8;

-- --------------------------------------------------------

--
-- 테이블 구조 `TAG_TB`
--

CREATE TABLE `TAG_TB` (
  `tag_id` int(11) NOT NULL COMMENT 'AUTO_INCREMENT',
  `tag_name` varchar(50) NOT NULL,
  `in_date` datetime NOT NULL DEFAULT current_timestamp(),
  `in_user` varchar(30) NOT NULL,
  `up_date` datetime NOT NULL DEFAULT current_timestamp(),
  `up_user` varchar(30) NOT NULL
) ENGINE=InnoDB DEFAULT CHARSET=utf8;

--
-- 테이블의 덤프 데이터 `TAG_TB`
--

INSERT INTO `TAG_TB` (`tag_id`, `tag_name`, `in_date`, `in_user`, `up_date`, `up_user`) VALUES
(1, 'Only Fresh', '2022-08-16 18:41:38', '김형민', '2022-08-16 18:41:38', '박형민'),
(2, 'Only Fresh', '2022-08-16 18:41:38', '김형민', '2022-08-16 18:41:38', '박형민'),
(3, 'Only Fresh', '2022-08-16 18:41:38', '김형민', '2022-08-16 18:41:38', '박형민'),
(4, 'Only Fresh', '2022-08-16 18:41:38', '김형민', '2022-08-16 18:41:38', '박형민'),
(5, 'Only Fresh', '2022-08-16 18:41:39', '김형민', '2022-08-16 18:41:39', '박형민'),
(6, 'Only Fresh', '2022-08-16 18:41:39', '김형민', '2022-08-16 18:41:39', '박형민'),
(7, 'Only Fresh', '2022-08-16 18:41:39', '김형민', '2022-08-16 18:41:39', '박형민'),
(8, 'Only Fresh', '2022-08-16 18:41:39', '김형민', '2022-08-16 18:41:39', '박형민'),
(9, 'Only Fresh', '2022-08-16 18:41:39', '김형민', '2022-08-16 18:41:39', '박형민'),
(10, 'Only Fresh', '2022-08-16 18:41:39', '김형민', '2022-08-16 18:41:39', '박형민'),
(11, 'Only Fresh', '2022-08-16 18:41:39', '김형민', '2022-08-16 18:41:39', '박형민'),
(12, 'Only Fresh', '2022-08-16 18:41:39', '김형민', '2022-08-16 18:41:39', '박형민'),
(13, 'Only Fresh', '2022-08-16 18:41:39', '김형민', '2022-08-16 18:41:39', '박형민'),
(14, 'Only Fresh', '2022-08-16 18:41:39', '김형민', '2022-08-16 18:41:39', '박형민'),
(15, 'Only Fresh', '2022-08-16 18:41:39', '김형민', '2022-08-16 18:41:39', '박형민'),
(16, 'Only Fresh', '2022-08-16 18:41:39', '김형민', '2022-08-16 18:41:39', '박형민'),
(17, 'Only Fresh', '2022-08-16 18:41:39', '김형민', '2022-08-16 18:41:39', '박형민'),
(18, 'Only Fresh', '2022-08-16 18:41:39', '김형민', '2022-08-16 18:41:39', '박형민'),
(19, 'Only Fresh', '2022-08-16 18:41:39', '김형민', '2022-08-16 18:41:39', '박형민'),
(20, 'Only Fresh', '2022-08-16 18:41:39', '김형민', '2022-08-16 18:41:39', '박형민'),
(21, 'Only Fresh', '2022-08-16 18:41:39', '김형민', '2022-08-16 18:41:39', '박형민'),
(22, 'Only Fresh', '2022-08-16 18:41:39', '김형민', '2022-08-16 18:41:39', '박형민'),
(23, 'Only Fresh', '2022-08-16 18:41:39', '김형민', '2022-08-16 18:41:39', '박형민'),
(24, 'Only Fresh', '2022-08-16 18:41:39', '김형민', '2022-08-16 18:41:39', '박형민'),
(25, 'Only Fresh', '2022-08-16 18:41:39', '김형민', '2022-08-16 18:41:39', '박형민'),
(26, 'Only Fresh', '2022-08-16 18:41:39', '김형민', '2022-08-16 18:41:39', '박형민'),
(27, 'Only Fresh', '2022-08-16 18:41:39', '김형민', '2022-08-16 18:41:39', '박형민'),
(28, 'Only Fresh', '2022-08-16 18:41:39', '김형민', '2022-08-16 18:41:39', '박형민'),
(29, 'Only Fresh', '2022-08-16 18:41:39', '김형민', '2022-08-16 18:41:39', '박형민'),
(30, 'Only Fresh', '2022-08-16 18:41:39', '김형민', '2022-08-16 18:41:39', '박형민'),
(31, 'Only Fresh', '2022-08-16 18:41:39', '김형민', '2022-08-16 18:41:39', '박형민'),
(32, 'Only Fresh', '2022-08-16 18:41:39', '김형민', '2022-08-16 18:41:39', '박형민'),
(33, 'Only Fresh', '2022-08-16 18:41:39', '김형민', '2022-08-16 18:41:39', '박형민'),
(34, 'Only Fresh', '2022-08-16 18:41:39', '김형민', '2022-08-16 18:41:39', '박형민'),
(35, 'Only Fresh', '2022-08-16 18:41:39', '김형민', '2022-08-16 18:41:39', '박형민'),
(36, 'Only Fresh', '2022-08-16 18:41:39', '김형민', '2022-08-16 18:41:39', '박형민'),
(37, 'Only Fresh', '2022-08-16 18:41:39', '김형민', '2022-08-16 18:41:39', '박형민'),
(38, 'Only Fresh', '2022-08-16 18:41:39', '김형민', '2022-08-16 18:41:39', '박형민'),
(39, 'Only Fresh', '2022-08-16 18:41:39', '김형민', '2022-08-16 18:41:39', '박형민'),
(40, 'Only Fresh', '2022-08-16 18:41:39', '김형민', '2022-08-16 18:41:39', '박형민'),
(41, 'Only Fresh', '2022-08-16 18:41:39', '김형민', '2022-08-16 18:41:39', '박형민'),
(42, 'Only Fresh', '2022-08-19 01:26:07', '김형민', '2022-08-19 01:26:07', '박형민'),
(43, 'Only Fresh', '2022-08-19 01:26:07', '김형민', '2022-08-19 01:26:07', '박형민'),
(44, 'Only Fresh', '2022-08-19 01:26:07', '김형민', '2022-08-19 01:26:07', '박형민'),
(45, 'Only Fresh', '2022-08-19 01:26:07', '김형민', '2022-08-19 01:26:07', '박형민'),
(46, 'Only Fresh', '2022-08-19 01:26:07', '김형민', '2022-08-19 01:26:07', '박형민'),
(47, 'Only Fresh', '2022-08-19 01:26:07', '김형민', '2022-08-19 01:26:07', '박형민'),
(48, 'Only Fresh', '2022-08-19 01:26:07', '김형민', '2022-08-19 01:26:07', '박형민'),
(49, 'Only Fresh', '2022-08-19 01:26:07', '김형민', '2022-08-19 01:26:07', '박형민'),
(50, 'Only Fresh', '2022-08-19 01:26:07', '김형민', '2022-08-19 01:26:07', '박형민'),
(51, 'Only Fresh', '2022-08-19 01:26:07', '김형민', '2022-08-19 01:26:07', '박형민'),
(52, 'Only Fresh', '2022-08-19 01:26:07', '김형민', '2022-08-19 01:26:07', '박형민'),
(53, 'Only Fresh', '2022-08-19 01:26:07', '김형민', '2022-08-19 01:26:07', '박형민'),
(54, 'Only Fresh', '2022-08-19 01:26:07', '김형민', '2022-08-19 01:26:07', '박형민'),
(55, 'Only Fresh', '2022-08-19 01:26:07', '김형민', '2022-08-19 01:26:07', '박형민'),
(56, 'Only Fresh', '2022-08-19 01:26:07', '김형민', '2022-08-19 01:26:07', '박형민'),
(57, 'Only Fresh', '2022-08-19 01:26:07', '김형민', '2022-08-19 01:26:07', '박형민'),
(58, 'Only Fresh', '2022-08-22 06:04:31', '김형민', '2022-08-22 06:04:31', '박형민'),
(59, 'Only Fresh', '2022-08-22 06:04:31', '김형민', '2022-08-22 06:04:31', '박형민'),
(60, 'Only Fresh', '2022-08-22 06:04:31', '김형민', '2022-08-22 06:04:31', '박형민'),
(61, 'Only Fresh', '2022-08-22 06:04:31', '김형민', '2022-08-22 06:04:31', '박형민'),
(62, 'Only Fresh', '2022-08-22 06:04:31', '김형민', '2022-08-22 06:04:31', '박형민'),
(63, 'Only Fresh', '2022-08-22 06:04:31', '김형민', '2022-08-22 06:04:31', '박형민'),
(64, 'Only Fresh', '2022-08-22 06:04:32', '김형민', '2022-08-22 06:04:32', '박형민'),
(65, 'Only Fresh', '2022-08-22 06:04:32', '김형민', '2022-08-22 06:04:32', '박형민'),
(66, 'Only Fresh', '2022-08-22 06:04:32', '김형민', '2022-08-22 06:04:32', '박형민'),
(67, 'Only Fresh', '2022-08-22 06:04:32', '김형민', '2022-08-22 06:04:32', '박형민'),
(68, 'Only Fresh', '2022-08-22 06:04:32', '김형민', '2022-08-22 06:04:32', '박형민'),
(69, 'Only Fresh', '2022-08-22 06:04:32', '김형민', '2022-08-22 06:04:32', '박형민'),
(70, 'Only Fresh', '2022-08-22 06:04:32', '김형민', '2022-08-22 06:04:32', '박형민'),
(71, 'Only Fresh', '2022-08-22 06:04:32', '김형민', '2022-08-22 06:04:32', '박형민'),
(72, 'Only Fresh', '2022-08-22 06:04:32', '김형민', '2022-08-22 06:04:32', '박형민'),
(73, 'Only Fresh', '2022-08-22 06:04:32', '김형민', '2022-08-22 06:04:32', '박형민'),
(74, 'Only Fresh', '2022-08-22 06:04:32', '김형민', '2022-08-22 06:04:32', '박형민'),
(75, 'Only Fresh', '2022-08-22 06:04:32', '김형민', '2022-08-22 06:04:32', '박형민'),
(76, 'Only Fresh', '2022-08-22 06:04:32', '김형민', '2022-08-22 06:04:32', '박형민'),
(77, 'Only Fresh', '2022-08-22 06:04:32', '김형민', '2022-08-22 06:04:32', '박형민'),
(78, 'Only Fresh', '2022-08-22 06:04:32', '김형민', '2022-08-22 06:04:32', '박형민'),
(79, 'Only Fresh', '2022-08-22 06:04:32', '김형민', '2022-08-22 06:04:32', '박형민'),
(80, 'Only Fresh', '2022-08-22 06:04:32', '김형민', '2022-08-22 06:04:32', '박형민'),
(81, 'Only Fresh', '2022-08-22 06:04:32', '김형민', '2022-08-22 06:04:32', '박형민'),
(82, 'Only Fresh', '2022-08-22 06:04:32', '김형민', '2022-08-22 06:04:32', '박형민'),
(83, 'Only Fresh', '2022-08-22 06:04:32', '김형민', '2022-08-22 06:04:32', '박형민'),
(84, 'Only Fresh', '2022-08-22 06:04:32', '김형민', '2022-08-22 06:04:32', '박형민'),
(85, 'Only Fresh', '2022-08-22 06:04:32', '김형민', '2022-08-22 06:04:32', '박형민'),
(86, 'Only Fresh', '2022-08-22 06:04:32', '김형민', '2022-08-22 06:04:32', '박형민'),
(87, 'Only Fresh', '2022-08-22 06:04:32', '김형민', '2022-08-22 06:04:32', '박형민'),
(88, 'Only Fresh', '2022-08-22 06:04:32', '김형민', '2022-08-22 06:04:32', '박형민'),
(89, 'Only Fresh', '2022-08-22 06:04:32', '김형민', '2022-08-22 06:04:32', '박형민'),
(90, 'Only Fresh', '2022-08-22 06:04:32', '김형민', '2022-08-22 06:04:32', '박형민'),
(91, 'Only Fresh', '2022-08-22 06:04:32', '김형민', '2022-08-22 06:04:32', '박형민'),
(92, 'Only Fresh', '2022-08-22 06:04:32', '김형민', '2022-08-22 06:04:32', '박형민'),
(93, 'Only Fresh', '2022-08-22 06:04:32', '김형민', '2022-08-22 06:04:32', '박형민'),
(94, 'Only Fresh', '2022-08-22 06:04:32', '김형민', '2022-08-22 06:04:32', '박형민'),
(95, 'Only Fresh', '2022-08-22 06:04:32', '김형민', '2022-08-22 06:04:32', '박형민'),
(96, 'Only Fresh', '2022-08-22 06:04:32', '김형민', '2022-08-22 06:04:32', '박형민'),
(97, 'Only Fresh', '2022-08-22 06:04:32', '김형민', '2022-08-22 06:04:32', '박형민'),
(98, 'Only Fresh', '2022-08-22 06:04:32', '김형민', '2022-08-22 06:04:32', '박형민'),
(99, 'Only Fresh', '2022-08-22 06:04:32', '김형민', '2022-08-22 06:04:32', '박형민'),
(100, 'Only Fresh', '2022-08-31 12:44:47', '김형민', '2022-08-31 12:44:47', '김형민'),
(101, 'Only Fresh', '2022-08-31 12:44:47', '김형민', '2022-08-31 12:44:47', '김형민'),
(102, 'Only Fresh', '2022-08-31 12:44:47', '김형민', '2022-08-31 12:44:47', '김형민'),
(103, 'Only Fresh', '2022-08-31 12:44:47', '김형민', '2022-08-31 12:44:47', '김형민'),
(104, 'Only Fresh', '2022-08-31 12:44:47', '김형민', '2022-08-31 12:44:47', '김형민'),
(105, 'Only Fresh', '2022-08-31 12:44:47', '김형민', '2022-08-31 12:44:47', '김형민'),
(106, 'Only Fresh', '2022-08-31 12:44:47', '김형민', '2022-08-31 12:44:47', '김형민'),
(107, 'Only Fresh', '2022-08-31 12:44:47', '김형민', '2022-08-31 12:44:47', '김형민'),
(108, 'Only Fresh', '2022-08-31 12:44:47', '김형민', '2022-08-31 12:44:47', '김형민'),
(109, 'Only Fresh', '2022-08-31 12:44:47', '김형민', '2022-08-31 12:44:47', '김형민'),
(110, 'Only Fresh', '2022-08-31 12:44:47', '김형민', '2022-08-31 12:44:47', '김형민'),
(111, 'Only Fresh', '2022-08-31 12:44:47', '김형민', '2022-08-31 12:44:47', '김형민'),
(112, 'Only Fresh', '2022-08-31 12:44:47', '김형민', '2022-08-31 12:44:47', '김형민'),
(113, 'Only Fresh', '2022-08-31 12:44:47', '김형민', '2022-08-31 12:44:47', '김형민'),
(114, 'Only Fresh', '2022-08-31 12:44:47', '김형민', '2022-08-31 12:44:47', '김형민'),
(115, 'Only Fresh', '2022-08-31 12:44:47', '김형민', '2022-08-31 12:44:47', '김형민'),
(116, 'Only Fresh', '2022-08-31 12:44:47', '김형민', '2022-08-31 12:44:47', '김형민'),
(117, 'Only Fresh', '2022-08-31 12:44:47', '김형민', '2022-08-31 12:44:47', '김형민'),
(118, 'Only Fresh', '2022-08-31 12:44:47', '김형민', '2022-08-31 12:44:47', '김형민'),
(119, 'Only Fresh', '2022-08-31 12:44:47', '김형민', '2022-08-31 12:44:47', '김형민'),
(120, 'Only Fresh', '2022-08-31 12:44:47', '김형민', '2022-08-31 12:44:47', '김형민'),
(121, 'Only Fresh', '2022-08-31 12:44:47', '김형민', '2022-08-31 12:44:47', '김형민'),
(122, 'Only Fresh', '2022-08-31 12:44:47', '김형민', '2022-08-31 12:44:47', '김형민'),
(123, 'Only Fresh', '2022-08-31 12:44:47', '김형민', '2022-08-31 12:44:47', '김형민'),
(124, 'Only Fresh', '2022-08-31 12:44:47', '김형민', '2022-08-31 12:44:47', '김형민'),
(125, 'Only Fresh', '2022-08-31 12:44:47', '김형민', '2022-08-31 12:44:47', '김형민'),
(126, 'Only Fresh', '2022-08-31 12:44:47', '김형민', '2022-08-31 12:44:47', '김형민'),
(127, 'Only Fresh', '2022-08-31 12:44:47', '김형민', '2022-08-31 12:44:47', '김형민'),
(128, 'Only Fresh', '2022-08-31 12:44:47', '김형민', '2022-08-31 12:44:47', '김형민'),
(129, 'Only Fresh', '2022-08-31 12:44:47', '김형민', '2022-08-31 12:44:47', '김형민'),
(130, 'Only Fresh', '2022-08-31 12:44:47', '김형민', '2022-08-31 12:44:47', '김형민');

-- --------------------------------------------------------

--
-- 테이블 구조 `USER_COUPON_TB`
--

CREATE TABLE `USER_COUPON_TB` (
  `coupn_id` int(11) NOT NULL COMMENT 'AUTO INCREMENT',
  `user_id` int(11) NOT NULL COMMENT 'AUTO_INCREMENT',
  `used` tinyint(4) NOT NULL DEFAULT 0,
  `in_date` datetime NOT NULL DEFAULT current_timestamp(),
  `up_date` datetime NOT NULL DEFAULT current_timestamp(),
  `up_user` varchar(30) NOT NULL DEFAULT 'CURRENT_USER',
  `in_user` varchar(30) NOT NULL DEFAULT 'CURRENT_USER'
) ENGINE=InnoDB DEFAULT CHARSET=utf8;

-- --------------------------------------------------------

--
-- 테이블 구조 `USER_INFO_TB`
--

CREATE TABLE `USER_INFO_TB` (
  `user_id` int(11) NOT NULL COMMENT 'AUTO_INCREMENT',
  `coupn_id` int(11) NOT NULL COMMENT 'AUTO INCREMENT',
  `pnt_hist_id` int(11) NOT NULL,
  `gd_cd` varchar(10) NOT NULL COMMENT 'AUTO_INCREMENT',
  `subs_state` tinyint(1) NOT NULL DEFAULT 0,
  `in_update` datetime NOT NULL DEFAULT current_timestamp(),
  `in_user` varchar(30) NOT NULL,
  `up_date` datetime NOT NULL DEFAULT current_timestamp(),
  `up_user` varchar(30) NOT NULL
) ENGINE=InnoDB DEFAULT CHARSET=utf8;

-- --------------------------------------------------------

--
-- 테이블 구조 `USER_LIKE_NO`
--

CREATE TABLE `USER_LIKE_NO` (
  `user_id` int(11) NOT NULL,
  `bbs_id` int(11) NOT NULL,
  `like_no` int(11) NOT NULL DEFAULT 0,
  `in_date` datetime NOT NULL DEFAULT current_timestamp(),
  `in_user` varchar(30) NOT NULL DEFAULT 'in_user',
  `up_date` datetime NOT NULL DEFAULT current_timestamp(),
  `up_user` varchar(30) NOT NULL DEFAULT 'up_user'
) ENGINE=InnoDB DEFAULT CHARSET=utf8;

-- --------------------------------------------------------

--
-- 테이블 구조 `USER_MOD_INFO_TB`
--

CREATE TABLE `USER_MOD_INFO_TB` (
  `user_id` int(11) NOT NULL COMMENT 'AUTO_INCREMENT',
  `prvc_cd` varchar(10) NOT NULL COMMENT '이메일,비밀번호,이름,성별,생년월일',
  `content` varchar(10) DEFAULT NULL,
  `in_date` datetime NOT NULL DEFAULT current_timestamp(),
  `in_user` varchar(30) NOT NULL,
  `up_date` datetime NOT NULL DEFAULT current_timestamp(),
  `up_user` varchar(30) NOT NULL
) ENGINE=InnoDB DEFAULT CHARSET=utf8;

-- --------------------------------------------------------

--
-- 테이블 구조 `USER_TB`
--

CREATE TABLE `USER_TB` (
  `user_id` int(11) NOT NULL COMMENT '유저 ID (AUTO_INCREMENT)',
  `user_nm` varchar(20) NOT NULL COMMENT '이름',
  `user_email` varchar(30) NOT NULL DEFAULT '1234',
  `pwd` varchar(500) NOT NULL COMMENT '비밀번호',
  `telno` varchar(30) NOT NULL DEFAULT '1' COMMENT '휴대폰',
  `subs_dt` varchar(30) NOT NULL DEFAULT '1' COMMENT '가입일',
  `gender` varchar(10) NOT NULL DEFAULT '1' COMMENT '성별',
  `bryr` varchar(30) NOT NULL DEFAULT '1' COMMENT '생년월일',
  `prvc_arge` tinyint(1) NOT NULL DEFAULT 1 COMMENT '선택 이용 약관 동의',
  `user_cls_cd` varchar(10) NOT NULL DEFAULT '0' COMMENT '유저 분류 코드 (관리자, 유저)',
  `rcmdr_email` varchar(30) DEFAULT NULL COMMENT '추천인 이메일',
  `pnt` int(11) DEFAULT 3000 COMMENT '페이 포인트',
  `in_date` datetime NOT NULL DEFAULT current_timestamp(),
  `in_user` varchar(30) NOT NULL DEFAULT 'in_user',
  `up_date` datetime NOT NULL DEFAULT current_timestamp(),
  `up_user` varchar(30) NOT NULL DEFAULT 'up_user'
) ENGINE=InnoDB DEFAULT CHARSET=utf8;

--
-- 테이블의 덤프 데이터 `USER_TB`
--

INSERT INTO `USER_TB` (`user_id`, `user_nm`, `user_email`, `pwd`, `telno`, `subs_dt`, `gender`, `bryr`, `prvc_arge`, `user_cls_cd`, `rcmdr_email`, `pnt`, `in_date`, `in_user`, `up_date`, `up_user`) VALUES
(101, '관리자', 'admin', '8c6976e5b5410415bde908bd4dee15dfb167a9c873fc4bb8a81f6f2ab448a918', '01012345679', '2022-08-30 11:45:55', 'none', '1', 1, '1', 'pgrrr119@gmail.com', 38000, '2022-08-31 02:21:45', 'in_user', '2022-08-31 02:21:45', 'up_user'),
(102, '김형민', 'onlyfresh@gmail.com', '3fa4bf263374cc141156a2875c70c287dc0c943852c954dfaf466f682ea3def6', '01012345678', '2022-08-31 02:26:31', 'male', '1', 1, '0', 'pgrrr119@gmail.com', 2000, '2022-08-31 02:26:31', 'in_user', '2022-08-31 02:26:31', 'up_user'),
(107, '이선우', 'fresh@gmail.com', '83d60735a25954e73da63535a6834dbb1de395f8e38de7a4b126f2f8e1818630', '01012345678', '2022-08-31 05:20:07', 'male', '1', 1, '0', '', 2000, '2022-08-31 05:20:07', 'in_user', '2022-08-31 05:20:07', 'up_user'),
(108, '김영준', 'narlae@naver.com', '73c97c725a23d64834a9cf6a2a153c8abcedfa8e4996e44d8a1c8f3361b5e1c0', '01013433333', '2022-08-31 22:11:54', 'none', '1', 1, '0', '', 3000, '2022-08-31 22:11:54', 'in_user', '2022-08-31 22:11:54', 'up_user'),
(109, '마동석', 'aaa@naver.com', '73c97c725a23d64834a9cf6a2a153c8abcedfa8e4996e44d8a1c8f3361b5e1c0', '01011112222', '2022-09-01 01:10:43', 'none', '1', 1, '0', '', 3000, '2022-09-01 01:10:43', 'in_user', '2022-09-01 01:10:43', 'up_user'),
(110, '이정재', 'bbb@naver.com', '73c97c725a23d64834a9cf6a2a153c8abcedfa8e4996e44d8a1c8f3361b5e1c0', '01011112222', '2022-09-01 01:14:03', 'none', '1', 1, '0', '', 3000, '2022-09-01 01:14:03', 'in_user', '2022-09-01 01:14:03', 'up_user'),
(111, '박해일', 'ccc@naver.com', '73c97c725a23d64834a9cf6a2a153c8abcedfa8e4996e44d8a1c8f3361b5e1c0', '01022223333', '2022-09-01 01:14:55', 'none', '1', 1, '0', '', 3000, '2022-09-01 01:14:55', 'in_user', '2022-09-01 01:14:55', 'up_user'),
(112, '서창희', 'ddd@naver.com', '73c97c725a23d64834a9cf6a2a153c8abcedfa8e4996e44d8a1c8f3361b5e1c0', '01033332222', '2022-09-01 01:15:58', 'none', '1', 1, '0', '', 3000, '2022-09-01 01:15:58', 'in_user', '2022-09-01 01:15:58', 'up_user'),
(113, '김형민', 'dr94406@naver.com', '1405d1be7ffc5a827cffb011bdd6657b18541a6623bedcd838afe9c45dc0b960', '01091764428', '2022-09-01 01:29:29', 'male', '1', 1, '0', '', 0, '2022-09-01 01:29:29', 'in_user', '2022-09-01 01:29:29', 'up_user'),
(114, '박채훈', 'ppp@naver.com', '03ac674216f3e15c761ee1a5e255f067953623c8b388b4459e13f978d7c846f4', '01099999999', '2022-09-01 01:29:29', 'male', '1', 1, '0', NULL, 0, '2022-09-01 01:31:15', 'in_user', '2022-09-01 01:31:15', 'up_user'),
(115, '김형민', 'hyeongmin@gmai.com', '1405d1be7ffc5a827cffb011bdd6657b18541a6623bedcd838afe9c45dc0b960', '01091764428', '2022-09-01 05:51:46', 'male', '1', 1, '0', '', 3000, '2022-09-01 05:51:46', 'in_user', '2022-09-01 05:51:46', 'up_user'),
(118, '이선우', 'justin123789@naver.com', '83d60735a25954e73da63535a6834dbb1de395f8e38de7a4b126f2f8e1818630', '01051159267', '2022-09-01 12:37:22', 'male', '1', 1, '0', '', 3000, '2022-09-01 12:37:22', 'in_user', '2022-09-01 12:37:22', 'up_user'),
(119, '정여경', 'ykjeong1223@naver.com', 'f11a5652ca47d315f9545aa127236d3cfe9ff7ffd071b71d9cae5eb8238d7f03', '01012345678', '2022-09-02 01:51:35', 'female', '1', 1, '0', '', 3000, '2022-09-02 01:51:35', 'in_user', '2022-09-02 01:51:35', 'up_user'),
(120, '김경빈', 'kimkb6024@gmail.com', '55668d3ee8831a782017e13af54b0cbe3dc51e8cfe560b1f5b315476dae1b8b1', '01030036024', '2022-09-02 01:55:42', 'male', '1', 1, '0', '', 3000, '2022-09-02 01:55:42', 'in_user', '2022-09-02 01:55:42', 'up_user'),
(121, '김윤기', 'dbsrl@naver.com', 'f21038555a807b71e2206d2a0c6945072b9d44bb7920aca5cb7ddaf1d2b10d04', '01012345678', '2022-09-02 04:48:57', 'male', '1', 1, '0', '', 3000, '2022-09-02 04:48:57', 'in_user', '2022-09-02 04:48:57', 'up_user');

-- --------------------------------------------------------

--
-- 테이블 구조 `USER_TIER_BNFT_TB`
--

CREATE TABLE `USER_TIER_BNFT_TB` (
  `gd_cd` varchar(10) NOT NULL COMMENT 'AUTO_INCREMENT',
  `gd_nm` varchar(10) NOT NULL DEFAULT '일반',
  `gd_rate` int(11) NOT NULL,
  `coupn_id` int(11) DEFAULT NULL,
  `revw_acamt` int(11) DEFAULT NULL,
  `mmby_gift` varchar(20) DEFAULT NULL,
  `acmlt_py_cnd` int(11) DEFAULT NULL,
  `in_date` datetime NOT NULL DEFAULT current_timestamp(),
  `in_user` varchar(30) NOT NULL,
  `up_date` datetime NOT NULL DEFAULT current_timestamp(),
  `up_user` varchar(30) NOT NULL
) ENGINE=InnoDB DEFAULT CHARSET=utf8;

-- --------------------------------------------------------

--
-- 테이블 구조 `USER_WISHLIST_TB`
--

CREATE TABLE `USER_WISHLIST_TB` (
  `pdt_id` int(11) NOT NULL COMMENT 'AUTO_INCREMENT',
  `user_id` int(11) NOT NULL COMMENT 'AUTO_INCREMENT',
  `in_date` datetime NOT NULL DEFAULT current_timestamp(),
  `in_user` varchar(30) NOT NULL,
  `up_date` datetime NOT NULL DEFAULT current_timestamp(),
  `up_user` varchar(30) NOT NULL
) ENGINE=InnoDB DEFAULT CHARSET=utf8;

--
-- 덤프된 테이블의 인덱스
--

--
-- 테이블의 인덱스 `ADDRESS_TB`
--
ALTER TABLE `ADDRESS_TB`
  ADD PRIMARY KEY (`addr_id`);

--
-- 테이블의 인덱스 `ANSWER_TB`
--
ALTER TABLE `ANSWER_TB`
  ADD PRIMARY KEY (`bbs_id`);

--
-- 테이블의 인덱스 `BOARD_CONTENT_TB`
--
ALTER TABLE `BOARD_CONTENT_TB`
  ADD PRIMARY KEY (`bbs_id`);

--
-- 테이블의 인덱스 `BOARD_TB`
--
ALTER TABLE `BOARD_TB`
  ADD PRIMARY KEY (`bbs_id`);

--
-- 테이블의 인덱스 `CART_TB`
--
ALTER TABLE `CART_TB`
  ADD PRIMARY KEY (`user_id`,`pdt_id`);

--
-- 테이블의 인덱스 `CATEGORY_TB`
--
ALTER TABLE `CATEGORY_TB`
  ADD PRIMARY KEY (`cat_code`),
  ADD KEY `FK_PRODUCT_TB_TO_CATEGORY_TB_1` (`pdt_id`);

--
-- 테이블의 인덱스 `CITY_CODE_TB`
--
ALTER TABLE `CITY_CODE_TB`
  ADD PRIMARY KEY (`ct_code`);

--
-- 테이블의 인덱스 `COMMON_CODE_TB`
--
ALTER TABLE `COMMON_CODE_TB`
  ADD PRIMARY KEY (`cat_code`,`cd_type_id`);

--
-- 테이블의 인덱스 `COMMON_CODE_TYPE_TB`
--
ALTER TABLE `COMMON_CODE_TYPE_TB`
  ADD PRIMARY KEY (`cd_type_id`);

--
-- 테이블의 인덱스 `COUPON_TB`
--
ALTER TABLE `COUPON_TB`
  ADD PRIMARY KEY (`coupn_id`),
  ADD KEY `event_id_idx` (`event_id`);

--
-- 테이블의 인덱스 `DELIVERY_LOG_TB`
--
ALTER TABLE `DELIVERY_LOG_TB`
  ADD PRIMARY KEY (`order_id`);

--
-- 테이블의 인덱스 `EVENT_PRODUCT_LIST_TB`
--
ALTER TABLE `EVENT_PRODUCT_LIST_TB`
  ADD PRIMARY KEY (`event_id`,`pdt_id`);

--
-- 테이블의 인덱스 `EVENT_TB`
--
ALTER TABLE `EVENT_TB`
  ADD PRIMARY KEY (`event_id`);

--
-- 테이블의 인덱스 `INQ_BOARD_TB`
--
ALTER TABLE `INQ_BOARD_TB`
  ADD PRIMARY KEY (`bbs_id`);

--
-- 테이블의 인덱스 `KURLYPAY_POINT_HIST_TB`
--
ALTER TABLE `KURLYPAY_POINT_HIST_TB`
  ADD PRIMARY KEY (`pnt_hist_id`,`user_id`);

--
-- 테이블의 인덱스 `NON_USER_TB`
--
ALTER TABLE `NON_USER_TB`
  ADD PRIMARY KEY (`email`,`id`);

--
-- 테이블의 인덱스 `ORDER_LOG_TB`
--
ALTER TABLE `ORDER_LOG_TB`
  ADD PRIMARY KEY (`ord_id`);

--
-- 테이블의 인덱스 `ORDER_PRODUCT_TB`
--
ALTER TABLE `ORDER_PRODUCT_TB`
  ADD PRIMARY KEY (`ord_id`,`pdt_id`);

--
-- 테이블의 인덱스 `ORDER_TB`
--
ALTER TABLE `ORDER_TB`
  ADD PRIMARY KEY (`ord_id`);

--
-- 테이블의 인덱스 `PAYMENT_LOG_TB`
--
ALTER TABLE `PAYMENT_LOG_TB`
  ADD PRIMARY KEY (`ord_id`);

--
-- 테이블의 인덱스 `PAYMENT_TB`
--
ALTER TABLE `PAYMENT_TB`
  ADD PRIMARY KEY (`ord_id`);

--
-- 테이블의 인덱스 `PRICE_CHANGE_HISTORY_TB`
--
ALTER TABLE `PRICE_CHANGE_HISTORY_TB`
  ADD PRIMARY KEY (`his_id`,`pdt_id`);

--
-- 테이블의 인덱스 `PRODUCT_DETAIL_TB`
--
ALTER TABLE `PRODUCT_DETAIL_TB`
  ADD PRIMARY KEY (`pdt_id`);

--
-- 테이블의 인덱스 `PRODUCT_TAG_TB`
--
ALTER TABLE `PRODUCT_TAG_TB`
  ADD PRIMARY KEY (`tag_id`,`pdt_id`);

--
-- 테이블의 인덱스 `PRODUCT_TB`
--
ALTER TABLE `PRODUCT_TB`
  ADD PRIMARY KEY (`pdt_id`);

--
-- 테이블의 인덱스 `REVIEW_BOARD_TB`
--
ALTER TABLE `REVIEW_BOARD_TB`
  ADD PRIMARY KEY (`bbs_id`);

--
-- 테이블의 인덱스 `SKU_TB`
--
ALTER TABLE `SKU_TB`
  ADD PRIMARY KEY (`st_hi_id`,`pdt_id`);

--
-- 테이블의 인덱스 `TAG_TB`
--
ALTER TABLE `TAG_TB`
  ADD PRIMARY KEY (`tag_id`);

--
-- 테이블의 인덱스 `USER_COUPON_TB`
--
ALTER TABLE `USER_COUPON_TB`
  ADD PRIMARY KEY (`coupn_id`,`user_id`);

--
-- 테이블의 인덱스 `USER_INFO_TB`
--
ALTER TABLE `USER_INFO_TB`
  ADD PRIMARY KEY (`user_id`);

--
-- 테이블의 인덱스 `USER_LIKE_NO`
--
ALTER TABLE `USER_LIKE_NO`
  ADD PRIMARY KEY (`user_id`,`bbs_id`);

--
-- 테이블의 인덱스 `USER_MOD_INFO_TB`
--
ALTER TABLE `USER_MOD_INFO_TB`
  ADD PRIMARY KEY (`user_id`);

--
-- 테이블의 인덱스 `USER_TB`
--
ALTER TABLE `USER_TB`
  ADD PRIMARY KEY (`user_id`);

--
-- 테이블의 인덱스 `USER_TIER_BNFT_TB`
--
ALTER TABLE `USER_TIER_BNFT_TB`
  ADD PRIMARY KEY (`gd_cd`);

--
-- 테이블의 인덱스 `USER_WISHLIST_TB`
--
ALTER TABLE `USER_WISHLIST_TB`
  ADD PRIMARY KEY (`pdt_id`,`user_id`);

--
-- 덤프된 테이블의 AUTO_INCREMENT
--

--
-- 테이블의 AUTO_INCREMENT `ADDRESS_TB`
--
ALTER TABLE `ADDRESS_TB`
  MODIFY `addr_id` int(11) NOT NULL AUTO_INCREMENT COMMENT 'AUTO_INCREMENT', AUTO_INCREMENT=172;

--
-- 테이블의 AUTO_INCREMENT `BOARD_TB`
--
ALTER TABLE `BOARD_TB`
  MODIFY `bbs_id` int(11) NOT NULL AUTO_INCREMENT COMMENT 'auto increment, PK', AUTO_INCREMENT=145;

--
-- 테이블의 AUTO_INCREMENT `CATEGORY_TB`
--
ALTER TABLE `CATEGORY_TB`
  MODIFY `pdt_id` int(11) NOT NULL AUTO_INCREMENT COMMENT 'AUTO_INCREMENT', AUTO_INCREMENT=282;

--
-- 테이블의 AUTO_INCREMENT `CITY_CODE_TB`
--
ALTER TABLE `CITY_CODE_TB`
  MODIFY `ct_code` int(11) NOT NULL AUTO_INCREMENT;

--
-- 테이블의 AUTO_INCREMENT `COUPON_TB`
--
ALTER TABLE `COUPON_TB`
  MODIFY `coupn_id` int(11) NOT NULL AUTO_INCREMENT COMMENT 'AUTO INCREMENT';

--
-- 테이블의 AUTO_INCREMENT `EVENT_TB`
--
ALTER TABLE `EVENT_TB`
  MODIFY `event_id` int(11) NOT NULL AUTO_INCREMENT COMMENT 'AUTO_INCREMENT', AUTO_INCREMENT=103;

--
-- 테이블의 AUTO_INCREMENT `KURLYPAY_POINT_HIST_TB`
--
ALTER TABLE `KURLYPAY_POINT_HIST_TB`
  MODIFY `pnt_hist_id` int(11) NOT NULL AUTO_INCREMENT;

--
-- 테이블의 AUTO_INCREMENT `ORDER_TB`
--
ALTER TABLE `ORDER_TB`
  MODIFY `ord_id` int(11) NOT NULL AUTO_INCREMENT COMMENT '주문 ID, AUTO_INCREMENT', AUTO_INCREMENT=3;

--
-- 테이블의 AUTO_INCREMENT `PRICE_CHANGE_HISTORY_TB`
--
ALTER TABLE `PRICE_CHANGE_HISTORY_TB`
  MODIFY `his_id` int(11) NOT NULL AUTO_INCREMENT COMMENT 'AUTO_INCREMENT';

--
-- 테이블의 AUTO_INCREMENT `PRODUCT_TAG_TB`
--
ALTER TABLE `PRODUCT_TAG_TB`
  MODIFY `tag_id` int(11) NOT NULL AUTO_INCREMENT COMMENT 'AUTO_INCREMENT', AUTO_INCREMENT=120;

--
-- 테이블의 AUTO_INCREMENT `PRODUCT_TB`
--
ALTER TABLE `PRODUCT_TB`
  MODIFY `pdt_id` int(11) NOT NULL AUTO_INCREMENT COMMENT 'AUTO_INCREMENT', AUTO_INCREMENT=143;

--
-- 테이블의 AUTO_INCREMENT `SKU_TB`
--
ALTER TABLE `SKU_TB`
  MODIFY `st_hi_id` int(11) NOT NULL AUTO_INCREMENT;

--
-- 테이블의 AUTO_INCREMENT `TAG_TB`
--
ALTER TABLE `TAG_TB`
  MODIFY `tag_id` int(11) NOT NULL AUTO_INCREMENT COMMENT 'AUTO_INCREMENT', AUTO_INCREMENT=131;

--
-- 테이블의 AUTO_INCREMENT `USER_TB`
--
ALTER TABLE `USER_TB`
  MODIFY `user_id` int(11) NOT NULL AUTO_INCREMENT COMMENT '유저 ID (AUTO_INCREMENT)', AUTO_INCREMENT=122;

--
-- 덤프된 테이블의 제약사항
--

--
-- 테이블의 제약사항 `ANSWER_TB`
--
ALTER TABLE `ANSWER_TB`
  ADD CONSTRAINT `FK_BOARD_TB_TO_ANSWER_TB_1` FOREIGN KEY (`bbs_id`) REFERENCES `BOARD_TB` (`bbs_id`) ON DELETE CASCADE;

--
-- 테이블의 제약사항 `BOARD_CONTENT_TB`
--
ALTER TABLE `BOARD_CONTENT_TB`
  ADD CONSTRAINT `FK_BOARD_TB_TO_BOARD_CONTENT_TB_1` FOREIGN KEY (`bbs_id`) REFERENCES `BOARD_TB` (`bbs_id`) ON DELETE CASCADE;

--
-- 테이블의 제약사항 `COUPON_TB`
--
ALTER TABLE `COUPON_TB`
  ADD CONSTRAINT `COUPON_TB_ibfk_1` FOREIGN KEY (`event_id`) REFERENCES `EVENT_TB` (`event_id`) ON DELETE CASCADE;

--
-- 테이블의 제약사항 `INQ_BOARD_TB`
--
ALTER TABLE `INQ_BOARD_TB`
  ADD CONSTRAINT `FK_BOARD_TB_TO_INQ_BOARD_TB_1` FOREIGN KEY (`bbs_id`) REFERENCES `BOARD_TB` (`bbs_id`) ON DELETE CASCADE;

--
-- 테이블의 제약사항 `PRODUCT_DETAIL_TB`
--
ALTER TABLE `PRODUCT_DETAIL_TB`
  ADD CONSTRAINT `FK_PRODUCT_TB_TO_PRODUCT_DETAIL_TB_1` FOREIGN KEY (`pdt_id`) REFERENCES `PRODUCT_TB` (`pdt_id`) ON DELETE CASCADE;

--
-- 테이블의 제약사항 `REVIEW_BOARD_TB`
--
ALTER TABLE `REVIEW_BOARD_TB`
  ADD CONSTRAINT `FK_BOARD_TB_TO_REVIEW_BOARD_TB_1` FOREIGN KEY (`bbs_id`) REFERENCES `BOARD_TB` (`bbs_id`) ON DELETE CASCADE;
COMMIT;

/*!40101 SET CHARACTER_SET_CLIENT=@OLD_CHARACTER_SET_CLIENT */;
/*!40101 SET CHARACTER_SET_RESULTS=@OLD_CHARACTER_SET_RESULTS */;
/*!40101 SET COLLATION_CONNECTION=@OLD_COLLATION_CONNECTION */;
